kanban_id,work_order_id,sales_order_id,part_no,work_center_id,process_id,process_seq,expected_start_time,actual_start_time,produce_status,planned_today_flag,started_today_flag,overdue_not_started_so_far_flag,overdue_4h_not_started_flag,started_on_time_today_flag,started_late_today_flag
S-W-20250925110500569-0006,T20-000963930,S11-250900015^1,32600606,1902,S1,10,2025-10-29 08:03:40,,0,1,0,1,1,0,0
S-W-20250925110500569-0011,T20-000963901,S11-250900015^1,30200550,1902,S1,10,2025-10-29 08:03:40,,0,1,0,1,1,0,0
S-W-20250925110500569-0013,T20-000963900,S11-250900015^1,30200549,1902,S1,10,2025-10-29 08:03:40,,0,1,0,1,1,0,0
S-W-20250925110500569-0015,T20-000963899,S11-250900015^1,30200547,1902,S1,10,2025-10-29 08:03:40,,0,1,0,1,1,0,0
S-W-20250925110500569-0018,T20-000963898,S11-250900015^1,30200546,1902,S1,10,2025-10-29 08:03:40,,0,1,0,1,1,0,0
S-W-20250923163558460-0033,T20-000965017,S11-250900022^1,33100866,1902,S1,10,2025-10-29 14:45:38,,0,1,0,1,1,0,0
S-W-20250923163558460-0042,T20-000965016,S11-250900022^1,33100865,1902,S1,10,2025-10-29 14:45:38,,0,1,0,1,1,0,0
S-W-20250930204710008-0045,T20-000965439,S11-250800033^6,33103039,1902,S1,10,2025-10-29 15:02:45,,0,1,0,1,1,0,0
S-W-20250923163611689-0091,T20-000965267,S11-250800033^3,32600536,1902,S1,10,2025-10-29 15:50:00,,0,1,0,1,1,0,0
S-W-20250923163611689-0092,T20-000965266,S11-250800033^3,32600535,1902,S1,10,2025-10-29 15:50:00,,0,1,0,1,1,0,0
S-W-20250925110445215-0002,T20-000963754,S11-250800038^5,32600585,1902,S1,10,2025-10-29 15:50:00,,0,1,0,1,1,0,0
S-W-20250925110445215-0003,T20-000963759,S11-250800038^5,34100291,1902,S1,10,2025-10-29 15:50:00,,0,1,0,1,1,0,0
S-W-20250925110445215-0008,T20-000963760,S11-250800038^5,34100292,1902,S1,10,2025-10-29 15:50:00,,0,1,0,1,1,0,0
S-W-20250925110445215-0024,T20-000963748,S11-250800038^5,30200625,1902,S1,10,2025-10-29 15:50:00,,0,1,0,1,1,0,0
S-W-20250925110445215-0026,T20-000963749,S11-250800038^5,30200626,1902,S1,10,2025-10-29 15:50:00,,0,1,0,1,1,0,0
S-W-20250925110545258-0059,T20-000965590,S11-250800036^1,32600092,1902,S1,10,2025-10-29 15:50:00,,0,1,0,1,1,0,0
S-W-20250930204641093-0002,T20-000963760,S11-250800038^5,34100292,1902,S1,10,2025-10-29 15:50:00,,0,1,0,1,1,0,0
S-W-20250930204641093-0007,T20-000963759,S11-250800038^5,34100291,1902,S1,10,2025-10-29 15:50:00,,0,1,0,1,1,0,0
S-W-20250930204641093-0013,T20-000963754,S11-250800038^5,32600585,1902,S1,10,2025-10-29 15:50:00,,0,1,0,1,1,0,0
S-W-20250930204641093-0015,T20-000963749,S11-250800038^5,30200626,1902,S1,10,2025-10-29 15:50:00,,0,1,0,1,1,0,0
S-W-20250930204641093-0017,T20-000963748,S11-250800038^5,30200625,1902,S1,10,2025-10-29 15:50:00,,0,1,0,1,1,0,0
S-W-20250930204707728-0080,T20-000965266,S11-250800033^3,32600535,1902,S1,10,2025-10-29 15:54:07,,0,1,0,1,1,0,0
S-W-20250930204707728-0081,T20-000965267,S11-250800033^3,32600536,1902,S1,10,2025-10-29 15:54:07,,0,1,0,1,1,0,0
S-W-20250923163602710-0003,T10-000633342,S11-250800036^2,21030874,1A,T010,10,2025-10-29 07:50:00,,0,1,0,1,1,0,0
S-W-20250925110540463-0032,T10-000632647,S11-250900021^2,21210386,1A,T010,10,2025-10-29 07:50:00,,0,1,0,1,1,0,0
S-W-20250925110623197-0024,T10-000633418,S11-250800036^5,21210435,1A,T010,10,2025-10-29 07:50:00,,0,1,0,1,1,0,0
S-W-20250930204754946-0032,T10-000632647,S11-250900021^2,21210386,1A,T010,10,2025-10-29 07:50:00,,0,1,0,1,1,0,0
S-W-20250930204801560-0017,T10-000633694,S11-250900033^1,21020161,1A,T010,10,2025-10-29 07:50:00,,0,1,0,1,1,0,0
S-W-20250930204801560-0019,T10-000633693,S11-250900033^1,21020160,1A,T010,10,2025-10-29 07:50:00,,0,1,0,1,1,0,0
S-W-20250930204801560-0021,T10-000633692,S11-250900033^1,21020158,1A,T010,10,2025-10-29 07:50:00,,0,1,0,1,1,0,0
S-W-20250930204801560-0023,T10-000633691,S11-250900033^1,21020157,1A,T010,10,2025-10-29 07:50:00,,0,1,0,1,1,0,0
S-W-20250930204801560-0024,T10-000633690,S11-250900033^1,21020156,1A,T010,10,2025-10-29 07:50:00,,0,1,0,1,1,0,0
S-W-20250930204801560-0027,T10-000633688,S11-250900033^1,21020154,1A,T010,10,2025-10-29 07:50:00,,0,1,0,1,1,0,0
S-W-20250930204801560-0028,T10-000633687,S11-250900033^1,21020153,1A,T010,10,2025-10-29 07:50:00,,0,1,0,1,1,0,0
S-W-20250923163611689-0003,T10-000633172,S11-250800033^3,21030874,1A,T010,10,2025-10-29 07:58:02,,0,1,0,1,1,0,0
S-W-20250930204801560-0029,T10-000633686,S11-250900033^1,21020152,1A,T010,10,2025-10-29 08:04:31,,0,1,0,1,1,0,0
S-W-20250930204801560-0030,T10-000633685,S11-250900033^1,21020151,1A,T010,10,2025-10-29 08:09:58,,0,1,0,1,1,0,0
S-W-20250930204801560-0031,T10-000633684,S11-250900033^1,21020150,1A,T010,10,2025-10-29 08:20:50,,0,1,0,1,1,0,0
S-W-20250930204801560-0033,T10-000633683,S11-250900033^1,21020149,1A,T010,10,2025-10-29 08:41:39,,0,1,0,1,1,0,0
S-W-20250930204801560-0035,T10-000633682,S11-250900033^1,21020148,1A,T010,10,2025-10-29 08:46:56,,0,1,0,1,1,0,0
S-W-20250930204801560-0037,T10-000633679,S11-250900033^1,21020140,1A,T010,10,2025-10-29 08:46:56,,0,1,0,1,1,0,0
S-W-20250930204801560-0039,T10-000633678,S11-250900033^1,21020139,1A,T010,10,2025-10-29 08:50:03,,0,1,0,1,1,0,0
S-W-20250930204801560-0041,T10-000633677,S11-250900033^1,21020137,1A,T010,10,2025-10-29 09:06:19,,0,1,0,1,1,0,0
S-W-20250930204801560-0043,T10-000633676,S11-250900033^1,21020136,1A,T010,10,2025-10-29 09:20:50,,0,1,0,1,1,0,0
S-W-20250930204801560-0045,T10-000633675,S11-250900033^1,21020133,1A,T010,10,2025-10-29 09:22:06,,0,1,0,1,1,0,0
S-W-20250930204802631-0106,T10-000633619,S11-250900020^1,21020328,1A,T010,10,2025-10-29 09:23:57,,0,1,0,1,1,0,0
S-W-20250930204802631-0108,T10-000633618,S11-250900020^1,21020326,1A,T010,10,2025-10-29 09:27:55,,0,1,0,1,1,0,0
S-W-20250930204805041-0026,T10-000633702,S11-250900019^2,21020534,1A,T010,10,2025-10-29 09:36:37,,0,1,0,1,1,0,0
S-W-20250930204812312-0142,T10-000633739,S11-250900001^1,21030862,1A,T010,10,2025-10-29 09:40:02,,0,1,0,1,1,0,0
S-W-20250930204917329-0004,T10-000633589,S13-250900031^8,21350077,1A,T010,10,2025-10-29 10:20:38,,0,1,0,1,1,0,0
S-W-20251007174727682-0007,T10-000634126,S11-250800035^4,21030094,1A,T010,10,2025-10-29 10:37:48,,0,1,0,1,1,0,0
S-W-20251007174727682-0009,T10-000634127,S11-250800035^4,21030234,1A,T010,10,2025-10-29 10:49:22,,0,1,0,1,1,0,0
S-W-20251007174727682-0011,T10-000634128,S11-250800035^4,21030235,1A,T010,10,2025-10-29 10:55:01,,0,1,0,1,1,0,0
S-W-20251007174727682-0013,T10-000634129,S11-250800035^4,21030236,1A,T010,10,2025-10-29 10:57:36,,0,1,0,1,1,0,0
S-W-20251007174727682-0015,T10-000634130,S11-250800035^4,21030237,1A,T010,10,2025-10-29 10:58:48,,0,1,0,1,1,0,0
S-W-20251007174727682-0017,T10-000634131,S11-250800035^4,21030238,1A,T010,10,2025-10-29 11:07:19,,0,1,0,1,1,0,0
S-W-20251007174727682-0019,T10-000634132,S11-250800035^4,21030243,1A,T010,10,2025-10-29 11:07:22,,0,1,0,1,1,0,0
S-W-20251007174727682-0021,T10-000634133,S11-250800035^4,21030244,1A,T010,10,2025-10-29 11:10:15,,0,1,0,1,1,0,0
S-W-20251007174727682-0023,T10-000634134,S11-250800035^4,21030804,1A,T010,10,2025-10-29 11:18:25,,0,1,0,1,1,0,0
S-W-20251007174727682-0025,T10-000634135,S11-250800035^4,21030805,1A,T010,10,2025-10-29 11:24:00,,0,1,0,1,1,0,0
S-W-20251007174740184-0005,T10-000634792,S11-250800037^4,21020456,1A,T010,10,2025-10-29 11:28:58,,0,1,0,1,1,0,0
S-W-20251007174740184-0010,T10-000634793,S11-250800037^4,21020457,1A,T010,10,2025-10-29 11:34:33,,0,1,0,1,1,0,0
S-W-20251007174740184-0022,T10-000634794,S11-250800037^4,21020458,1A,T010,10,2025-10-29 11:46:12,,0,1,0,1,1,0,0
S-W-20251007174741634-0005,T10-000634870,S11-250800037^7,21020381,1A,T010,10,2025-10-29 13:22:02,,0,1,0,1,1,0,0
S-W-20251007174741634-0010,T10-000634871,S11-250800037^7,21020382,1A,T010,10,2025-10-29 13:26:00,,0,1,0,1,1,0,0
S-W-20251007174741634-0020,T10-000634872,S11-250800037^7,21020383,1A,T010,10,2025-10-29 13:26:46,,0,1,0,1,1,0,0
S-W-20251007174742434-0070,T10-000634896,S11-250900028^1,21210054,1A,T010,10,2025-10-29 13:32:21,,0,1,0,1,1,0,0
S-W-20251007174746304-0058,T10-000634469,S11-250900018^2,21020562,1A,T010,10,2025-10-29 13:46:20,,0,1,0,1,1,0,0
S-W-20250925110540463-0032-1,T10-000632647,S11-250900021^2,21210386,1A,T041,20,2025-10-29 07:50:00,,0,1,0,1,1,0,0
S-W-20250925110623197-0024-2,T10-000633418,S11-250800036^5,21210435,1A,T041,30,2025-10-29 07:50:00,,0,1,0,1,1,0,0
S-W-20250925110540463-0032-2,T10-000632647,S11-250900021^2,21210386,1A,T042,30,2025-10-29 07:50:00,,0,1,0,1,1,0,0
S-W-20250923163602710-0003-2,T10-000633342,S11-250800036^2,21030874,1A,T044,30,2025-10-29 07:50:00,,0,1,0,1,1,0,0
S-W-20250923163611689-0003-2,T10-000633172,S11-250800033^3,21030874,1A,T044,30,2025-10-29 07:58:02,,0,1,0,1,1,0,0
S-W-20250925110540463-0032-3,T10-000632647,S11-250900021^2,21210386,1A,T063,40,2025-10-29 07:50:00,,0,1,0,1,1,0,0
S-W-20250925110623197-0024-3,T10-000633418,S11-250800036^5,21210435,1A,T067,40,2025-10-29 07:50:00,,0,1,0,1,1,0,0
S-W-20250925110623197-0024-4,T10-000633418,S11-250800036^5,21210435,1A,T067,50,2025-10-29 07:50:00,,0,1,0,1,1,0,0
S-W-20250925110540463-0032-5,T10-000632647,S11-250900021^2,21210386,1A,T067,60,2025-10-29 07:50:00,,0,1,0,1,1,0,0
S-W-20250923163602710-0003-1,T10-000633342,S11-250800036^2,21030874,1A,T071,20,2025-10-29 07:50:00,,0,1,0,1,1,0,0
S-W-20250925110623197-0024-1,T10-000633418,S11-250800036^5,21210435,1A,T071,20,2025-10-29 07:50:00,,0,1,0,1,1,0,0
S-W-20250923163611689-0003-1,T10-000633172,S11-250800033^3,21030874,1A,T071,20,2025-10-29 07:58:02,,0,1,0,1,1,0,0
S-W-20250925110540463-0032-4,T10-000632647,S11-250900021^2,21210386,1A,T071,50,2025-10-29 07:50:00,,0,1,0,1,1,0,0
S-W-20250925110623197-0024-5,T10-000633418,S11-250800036^5,21210435,1A,T078,60,2025-10-29 07:50:00,,0,1,0,1,1,0,0
S-W-20250925110557864-0059,T10-000633353,S11-250800036^2,22030347,3A,G005,10,2025-10-29 07:50:00,,0,1,0,1,1,0,0
S-W-20250925110557864-0062,T10-000633354,S11-250800036^2,22030348,3A,G005,10,2025-10-29 07:50:00,,0,1,0,1,1,0,0
S-W-20250925110609659-0060,T10-000633384,S11-250800036^3,22030460,3A,G005,10,2025-10-29 07:50:00,,0,1,0,1,1,0,0
S-W-20250925110609659-0063,T10-000633383,S11-250800036^3,22030459,3A,G005,10,2025-10-29 07:58:24,,0,1,0,1,1,0,0
S-W-20250925110609659-0069,T10-000633382,S11-250800036^3,22030456,3A,G005,10,2025-10-29 07:58:24,,0,1,0,1,1,0,0
S-W-20250925110631455-0087,T10-000633114,S11-250800033^1,22030151,3A,G005,10,2025-10-29 08:09:58,,0,1,0,1,1,0,0
S-W-20250925110631455-0090,T10-000633113,S11-250800033^1,22030150,3A,G005,10,2025-10-29 08:18:22,,0,1,0,1,1,0,0
S-W-20250925110632736-0064,T10-000633147,S11-250800033^2,22030041,3A,G005,10,2025-10-29 08:21:12,,0,1,0,1,1,0,0
S-W-20250925110632736-0067,T10-000633148,S11-250800033^2,22030066,3A,G005,10,2025-10-29 08:29:36,,0,1,0,1,1,0,0
S-W-20250925110634393-0051,T10-000633183,S11-250800033^3,22030347,3A,G005,10,2025-10-29 08:33:04,,0,1,0,1,1,0,0
S-W-20250925110634393-0054,T10-000633184,S11-250800033^3,22030348,3A,G005,10,2025-10-29 08:34:38,,0,1,0,1,1,0,0
S-W-20250925110645602-0026,T10-000633280,S11-250800033^7,22030587,3A,G005,10,2025-10-29 08:41:28,,0,1,0,1,1,0,0
S-W-20250925110557864-0059-1,T10-000633353,S11-250800036^2,22030347,3A,G006,20,2025-10-29 07:50:00,,0,1,0,1,1,0,0
S-W-20250925110557864-0062-1,T10-000633354,S11-250800036^2,22030348,3A,G006,20,2025-10-29 07:50:00,,0,1,0,1,1,0,0
S-W-20250925110609659-0060-1,T10-000633384,S11-250800036^3,22030460,3A,G006,20,2025-10-29 07:50:00,,0,1,0,1,1,0,0
S-W-20250925110609659-0063-1,T10-000633383,S11-250800036^3,22030459,3A,G006,20,2025-10-29 07:58:24,,0,1,0,1,1,0,0
S-W-20250925110609659-0069-1,T10-000633382,S11-250800036^3,22030456,3A,G006,20,2025-10-29 07:58:24,,0,1,0,1,1,0,0
S-W-20250925110631455-0087-1,T10-000633114,S11-250800033^1,22030151,3A,G006,20,2025-10-29 08:09:58,,0,1,0,1,1,0,0
S-W-20250925110631455-0090-1,T10-000633113,S11-250800033^1,22030150,3A,G006,20,2025-10-29 08:18:22,,0,1,0,1,1,0,0
S-W-20250925110632736-0064-1,T10-000633147,S11-250800033^2,22030041,3A,G006,20,2025-10-29 08:21:12,,0,1,0,1,1,0,0
S-W-20250925110632736-0067-1,T10-000633148,S11-250800033^2,22030066,3A,G006,20,2025-10-29 08:29:36,,0,1,0,1,1,0,0
S-W-20250925110634393-0051-1,T10-000633183,S11-250800033^3,22030347,3A,G006,20,2025-10-29 08:33:04,,0,1,0,1,1,0,0
S-W-20250925110634393-0054-1,T10-000633184,S11-250800033^3,22030348,3A,G006,20,2025-10-29 08:34:38,,0,1,0,1,1,0,0
S-W-20250925110540463-0016-5,T10-000632653,S11-250900021^2,22210328,3A,G010,60,2025-10-29 07:50:00,,0,1,0,1,1,0,0
S-W-20250930204754946-0045-5,T10-000632653,S11-250900021^2,22210328,3A,G010,60,2025-10-29 07:50:00,,0,1,0,1,1,0,0
S-W-20250925110506706-0001,T10-000632818,S1A-250900009^6,30200712,A001,A001,10,2025-10-29 15:07:38,,0,1,0,1,1,0,0
S-W-20250916195648872-0001,T10-000632513,S11-250900015^2,32200741,A001,A001,20,2025-10-29 07:50:00,,0,1,0,1,1,0,0
S-W-20250923163554041-0001,T10-000632910,S11-250900027^2,S344B0BGHM2,A001,A001,20,2025-10-29 07:50:00,,0,1,0,1,1,0,0
S-W-20250925110442995-0001,T10-000631734,S11-250800041^15,S840FBDGSW01,A001,A001,20,2025-10-29 07:50:00,,0,1,0,1,1,0,0
S-W-20250925110455499-0001,T10-000631897,S11-250800032^3,S941A2LGSW,A001,A001,20,2025-10-29 07:58:31,,0,1,0,1,1,0,0
S-W-20250923163554771-0001,T10-000632911,S11-250900027^3,S344B0WHHM2,A001,A001,20,2025-10-29 08:01:43,,0,1,0,1,1,0,0
S-W-20250925110458899-0001,T10-000632539,S11-250900017^1,32200742,A001,A001,20,2025-10-29 08:10:45,,0,1,0,1,1,0,0
S-W-20250923163730218-0001,T10-000633546,S1A-250900015^1,S542A-YLTWB,A001,A001,20,2025-10-29 08:20:21,,0,1,0,1,1,0,0
S-W-20250930204648419-0001,T10-000632534,S11-250900017^2,30500746,A001,A001,20,2025-10-29 09:13:49,,0,1,0,1,1,0,0
S-W-20250916195700652-0001,T10-000632910,S11-250900027^2,S344B0BGHM2,A001,A001,20,2025-10-29 11:39:14,,0,1,0,1,1,0,0
S-W-20250916195701792-0001,T10-000632911,S11-250900027^3,S344B0WHHM2,A001,A001,20,2025-10-29 11:50:58,,0,1,0,1,1,0,0
S-W-20250916195702392-0001,T10-000632948,S11-250900027^4,S940B0ARHM2,A001,A001,20,2025-10-29 12:59:36,,0,1,0,1,1,0,0
S-W-20250916195703432-0001,T10-000632949,S11-250900027^5,S940B0BGHM2,A001,A001,20,2025-10-29 13:07:25,,0,1,0,1,1,0,0
S-W-20250930204650310-0001,T10-000632503,S11-250900015^1,30200715,A001,A001,20,2025-10-29 13:14:49,,0,1,0,1,1,0,0
S-W-20250916195704322-0001,T10-000632989,S11-250900027^6,S940A0ARHM,A001,A001,20,2025-10-29 13:15:14,,0,1,0,1,1,0,0
S-W-20250925110503472-0001,T10-000632735,S1A-250900009^1,S14170ARTW,A001,A001,20,2025-10-29 14:31:45,,0,1,0,1,1,0,0
S-W-20250925110503762-0001,T10-000632771,S1A-250900009^2,S840A0ARTW,A001,A001,20,2025-10-29 14:49:07,,0,1,0,1,1,0,0
S-W-20250925110748777-0001,T10-000633546,S1A-250900015^1,S542A-YLTWB,A001,A001,20,2025-10-29 15:11:51,,0,1,0,1,1,0,0
S-W-20250930204711598-0001,T10-000632625,S1A-241200023^1,S14710ARXF,A001,A001,20,2025-10-29 15:44:58,,0,1,0,1,1,0,0
S-W-20250930204716831-0001,T10-000632626,S1A-241200023^2,S14710OTXF,A001,A001,20,2025-10-29 16:04:25,,0,1,0,1,1,0,0
S-W-20250930204725372-0001,T10-000632735,S1A-250900009^1,S14170ARTW,A001,A001,20,2025-10-29 16:14:14,,0,1,0,1,1,0,0
S-W-20250930204729148-0001,T10-000632771,S1A-250900009^2,S840A0ARTW,A001,A001,20,2025-10-29 16:31:36,,0,1,0,1,1,0,0
S-W-20250930204732903-0001,T10-000632772,S1A-250900009^3,S840A0BRTW,A001,A001,20,2025-10-29 16:40:07,,0,1,0,1,1,0,0
S-W-20250923163601810-0038,T10-000633330,S11-250800036^1,33900044,A002,A002,10,2025-10-29 07:50:00,,0,1,0,1,1,0,0
S-W-20250925110504192-0007,T10-000632770,S1A-250900009^3,33500646,A002,A002,10,2025-10-29 07:50:00,,0,1,0,1,1,0,0
S-W-20250930204659668-0033,T10-000633400,S11-250800036^3,33900056,A002,A002,10,2025-10-29 08:17:51,,1,1,0,1,1,0,0
S-W-20250930204704355-0008,T10-000633399,S11-250800036^10,33900055,A002,A002,10,2025-10-29 08:40:30,,1,1,0,1,1,0,0
S-W-20250923163607289-0003,T10-000633331,S11-250800036^8,33900046,A002,A002,10,2025-10-29 09:12:30,,0,1,0,1,1,0,0
S-W-20250925110529300-0029,T10-000633049,S11-250900022^2,33700480,A002,A002,10,2025-10-29 09:30:05,,0,1,0,1,1,0,0
S-W-20250923163608000-0035,T10-000633465,S11-250800036^9,33900041,A002,A002,10,2025-10-29 09:41:33,,0,1,0,1,1,0,0
S-W-20250923163609660-0053,T10-000633127,S11-250800033^1,33900066,A002,A002,10,2025-10-29 10:16:30,,0,1,0,1,1,0,0
S-W-20250930204753356-0016,T10-000633049,S11-250900022^2,33700480,A002,A002,10,2025-10-29 10:59:25,,0,1,0,1,1,0,0
S-W-20250925110503762-0026,T10-000632771,S1A-250900009^2,S840A0ARTW,A002,A002,40,2025-10-29 15:50:14,,0,1,0,1,1,0,0
S-W-20250925110523749-0030,T10-000633050,S11-250900022^1,33700547,A002,A003,10,2025-10-29 08:16:33,,0,1,0,1,1,0,0
S-W-20250925110523749-0031,T10-000633048,S11-250900022^1,33500524,A002,A003,10,2025-10-29 09:09:28,,0,1,0,1,1,0,0
S-W-20250925110750256-0001,T10-000633083,S13-250900020^13,33700547,A002,A003,10,2025-10-29 09:46:06,,0,1,0,1,1,0,0
S-W-20250923163733458-0001,T10-000633083,S13-250900020^13,33700547,A002,A003,10,2025-10-29 11:14:51,,0,1,0,1,1,0,0
S-W-20250923163559370-0051,T10-000633046,S11-250900022^2,32200742,A003,A003,10,2025-10-29 07:50:00,,0,1,0,1,1,0,0
S-W-20250925110445215-0014,T10-000632447,S11-250800038^5,P326ALBBSW,A003,A003,10,2025-10-29 07:50:00,,0,1,0,1,1,0,0
S-W-20250925110502382-0004,T10-000632625,S1A-241200023^1,S14710ARXF,A003,A003,10,2025-10-29 07:52:14,,0,1,0,1,1,0,0
S-W-20250925110502672-0002,T10-000632626,S1A-241200023^2,S14710OTXF,A003,A003,10,2025-10-29 08:02:07,,0,1,0,1,1,0,0
S-W-20250925110504192-0002,T10-000632772,S1A-250900009^3,S840A0BRTW,A003,A003,10,2025-10-29 08:07:12,,0,1,0,1,1,0,0
S-W-20250925110511030-0009,T10-000632702,S1A-250900012^1,P001B-EDTW,A003,A003,10,2025-10-29 08:19:27,,0,1,0,1,1,0,0
S-W-20250925110512566-0012,T10-000632709,S1A-250900012^2,P001G-ARTW,A003,A003,10,2025-10-29 08:24:32,,0,1,0,1,1,0,0
S-W-20250925110513126-0009,T10-000632868,S11-250900027^1,S344-6ARHM,A003,A003,10,2025-10-29 08:29:38,,0,1,0,1,1,0,0
S-W-20250930204752426-0005,T10-000633034,S11-250900022^1,30200793,A003,A003,10,2025-10-29 08:32:29,,0,1,0,1,1,0,0
S-W-20250925110513736-0009,T10-000632910,S11-250900027^2,S344B0BGHM2,A003,A003,10,2025-10-29 08:37:09,,0,1,0,1,1,0,0
S-W-20250925110514356-0002,T10-000632911,S11-250900027^3,S344B0WHHM2,A003,A003,10,2025-10-29 08:44:40,,0,1,0,1,1,0,0
S-W-20250925110516351-0037,T10-000632989,S11-250900027^6,S940A0ARHM,A003,A003,10,2025-10-29 08:56:29,,0,1,0,1,1,0,0
S-W-20250925110516961-0004,T10-000632990,S11-250900027^7,S940A0BGHM,A003,A003,10,2025-10-29 08:59:12,,0,1,0,1,1,0,0
S-W-20250925110523749-0039,T10-000633035,S11-250900022^1,30200794,A003,A003,10,2025-10-29 09:01:56,,0,1,0,1,1,0,0
S-W-20250930204752426-0007,T10-000633035,S11-250900022^1,30200794,A003,A003,10,2025-10-29 09:07:40,,0,1,0,1,1,0,0
S-W-20250925110523749-0041,T10-000633034,S11-250900022^1,30200793,A003,A003,10,2025-10-29 09:37:07,,0,1,0,1,1,0,0
S-W-20250925110529300-0027,T10-000633052,S11-250900022^2,33700658,A003,A003,10,2025-10-29 10:22:18,,0,1,0,1,1,0,0
S-W-20250923163601810-0103,T10-000633319,S11-250800036^1,30300512,A003,A003,10,2025-10-29 10:30:18,,0,1,0,1,1,0,0
S-W-20250923163608000-0055,T10-000633462,S11-250800036^9,31300020,A003,A003,10,2025-10-29 10:32:07,,0,1,0,1,1,0,0
S-W-20250923163608000-0056,T10-000633459,S11-250800036^9,30529125,A003,A003,10,2025-10-29 10:32:50,,0,1,0,1,1,0,0
S-W-20250923163608000-0058,T10-000633458,S11-250800036^9,30529123,A003,A003,10,2025-10-29 10:37:19,,0,1,0,1,1,0,0
S-W-20250923163608000-0088,T10-000633453,S11-250800036^9,30300678,A003,A003,10,2025-10-29 10:39:12,,0,1,0,1,1,0,0
S-W-20250923163609660-0069,T10-000633126,S11-250800033^1,33700706,A003,A003,10,2025-10-29 10:42:39,,0,1,0,1,1,0,0
S-W-20250923163730958-0001,T10-000633086,S13-250900020^6,32600585,A003,A003,10,2025-10-29 10:49:47,,0,1,0,1,1,0,0
S-W-20250925110529300-0030,T10-000633047,S11-250900022^2,32203030,A003,A003,10,2025-10-29 10:53:04,,0,1,0,1,1,0,0
S-W-20250925110529300-0038,T10-000633043,S11-250900022^2,31000492,A003,A003,10,2025-10-29 11:23:22,,0,1,0,1,1,0,0
S-W-20250925110529300-0040,T10-000633042,S11-250900022^2,31000491,A003,A003,10,2025-10-29 11:31:44,,0,1,0,1,1,0,0
S-W-20250925110626752-0060,T10-000633456,S11-250800036^9,30403147,A003,A003,10,2025-10-29 11:40:07,,0,1,0,1,1,0,0
S-W-20250925110626752-0061,T10-000633455,S11-250800036^9,30403145,A003,A003,10,2025-10-29 11:40:27,,0,1,0,1,1,0,0
S-W-20250925110749137-0001,T10-000633086,S13-250900020^6,32600585,A003,A003,10,2025-10-29 11:40:47,,0,1,0,1,1,0,0
S-W-20250923163731628-0001,T10-000633085,S13-250900020^8,39922019,A003,A003,10,2025-10-29 11:55:11,,0,1,0,1,1,0,0
S-W-20250923163732878-0001,T10-000633087,S13-250900020^12,32600604,A003,A003,10,2025-10-29 12:57:25,,0,1,0,1,1,0,0
S-W-20250925110749416-0001,T10-000633085,S13-250900020^8,39922019,A003,A003,10,2025-10-29 13:36:11,,0,1,0,1,1,0,0
S-W-20250925110749977-0001,T10-000633087,S13-250900020^12,32600604,A003,A003,10,2025-10-29 13:48:25,,0,1,0,1,1,0,0
S-W-20250916195659532-0002,T10-000632867,S11-250900027^1,41200054,A004,A004,10,2025-10-29 07:50:00,,0,1,0,1,1,0,0
S-W-20250916195700652-0003,T10-000632908,S11-250900027^2,41200054,A004,A004,10,2025-10-29 07:52:27,,0,1,0,1,1,0,0
S-W-20250916195702392-0002,T10-000632947,S11-250900027^4,41200054,A004,A004,10,2025-10-29 07:58:27,,0,1,0,1,1,0,0
S-W-20250916195704322-0002,T10-000632988,S11-250900027^6,41200054,A004,A004,10,2025-10-29 08:02:16,,0,1,0,1,1,0,0
S-W-20250930204742633-0002-3,T10-000632822,S1A-250900009^7,32200775,A004,A004,20,2025-10-29 07:50:00,,0,1,0,1,1,0,0
S-W-20250925110442995-0006-3,T10-000631734,S11-250800041^15,S840FBDGSW01,A004,A004,30,2025-10-29 08:04:31,,0,1,0,1,1,0,0
S-W-20250923163554041-0120-3,T10-000632910,S11-250900027^2,S344B0BGHM2,A004,A004,30,2025-10-29 08:07:43,,0,1,0,1,1,0,0
S-W-20250925110455499-0024-3,T10-000631897,S11-250800032^3,S941A2LGSW,A004,A004,30,2025-10-29 08:16:45,,0,1,0,1,1,0,0
S-W-20250923163554771-0012-3,T10-000632911,S11-250900027^3,S344B0WHHM2,A004,A004,30,2025-10-29 08:26:21,,0,1,0,1,1,0,0
S-W-20250923163730218-0036-3,T10-000633546,S1A-250900015^1,S542A-YLTWB,A004,A004,30,2025-10-29 08:48:40,,0,1,0,1,1,0,0
S-W-20250930204647076-0025,T10-000632539,S11-250900017^1,32200742,A004,A004,30,2025-10-29 09:19:49,,0,1,0,1,1,0,0
S-W-20250916195648872-0074-3,T10-000632513,S11-250900015^2,32200741,A004,A004,30,2025-10-29 11:45:14,,0,1,0,1,1,0,0
S-W-20250916195700652-0125-3,T10-000632910,S11-250900027^2,S344B0BGHM2,A004,A004,30,2025-10-29 11:56:58,,0,1,0,1,1,0,0
S-W-20250916195701792-0012-3,T10-000632911,S11-250900027^3,S344B0WHHM2,A004,A004,30,2025-10-29 13:05:36,,0,1,0,1,1,0,0
S-W-20250916195702392-0138-3,T10-000632948,S11-250900027^4,S940B0ARHM2,A004,A004,30,2025-10-29 13:13:25,,0,1,0,1,1,0,0
S-W-20250930204648419-0031,T10-000632534,S11-250900017^2,30500746,A004,A004,30,2025-10-29 13:20:49,,0,1,0,1,1,0,0
S-W-20250916195703432-0012-3,T10-000632949,S11-250900027^5,S940B0BGHM2,A004,A004,30,2025-10-29 13:21:14,,0,1,0,1,1,0,0
S-W-20250916195704322-0152-3,T10-000632989,S11-250900027^6,S940A0ARHM,A004,A004,30,2025-10-29 13:25:14,,0,1,0,1,1,0,0
S-W-20250925110458899-0025,T10-000632539,S11-250900017^1,32200742,A004,A004,30,2025-10-29 14:37:45,,0,1,0,1,1,0,0
S-W-20250925110503472-0018-3,T10-000632735,S1A-250900009^1,S14170ARTW,A004,A004,30,2025-10-29 15:05:07,,0,1,0,1,1,0,0
S-W-20250925110503762-0025-3,T10-000632771,S1A-250900009^2,S840A0ARTW,A004,A004,30,2025-10-29 15:13:38,,0,1,0,1,1,0,0
S-W-20250925110748777-0013-3,T10-000633546,S1A-250900015^1,S542A-YLTWB,A004,A004,30,2025-10-29 15:40:09,,0,1,0,1,1,0,0
S-W-20250930204711598-0018,T10-000632625,S1A-241200023^1,S14710ARXF,A004,A004,30,2025-10-29 16:10:25,,0,1,0,1,1,0,0
S-W-20250930204716831-0006,T10-000632626,S1A-241200023^2,S14710OTXF,A004,A004,30,2025-10-29 16:20:14,,0,1,0,1,1,0,0
S-W-20250930204725372-0018-3,T10-000632735,S1A-250900009^1,S14170ARTW,A004,A004,30,2025-10-29 16:37:36,,0,1,0,1,1,0,0
S-W-20250930204729148-0025-3,T10-000632771,S1A-250900009^2,S840A0ARTW,A004,A004,30,2025-10-29 16:46:07,,0,1,0,1,1,0,0
S-W-20250930204742633-0002,T10-000632822,S1A-250900009^7,32200775,A004,A104,14,2025-10-29 07:50:00,,0,1,0,1,1,0,0
S-W-20250925110442995-0006,T10-000631734,S11-250800041^15,S840FBDGSW01,A004,A104,24,2025-10-29 08:04:31,,0,1,0,1,1,0,0
S-W-20250923163554041-0120,T10-000632910,S11-250900027^2,S344B0BGHM2,A004,A104,24,2025-10-29 08:07:43,,0,1,0,1,1,0,0
S-W-20250925110458899-0001-1,T10-000632539,S11-250900017^1,32200742,A004,A104,24,2025-10-29 08:10:45,,0,1,0,1,1,0,0
S-W-20250925110455499-0024,T10-000631897,S11-250800032^3,S941A2LGSW,A004,A104,24,2025-10-29 08:16:45,,0,1,0,1,1,0,0
S-W-20250923163554771-0012,T10-000632911,S11-250900027^3,S344B0WHHM2,A004,A104,24,2025-10-29 08:26:21,,0,1,0,1,1,0,0
S-W-20250923163730218-0036,T10-000633546,S1A-250900015^1,S542A-YLTWB,A004,A104,24,2025-10-29 08:48:40,,0,1,0,1,1,0,0
S-W-20250930204648419-0001-1,T10-000632534,S11-250900017^2,30500746,A004,A104,24,2025-10-29 09:13:49,,0,1,0,1,1,0,0
S-W-20250916195648872-0074,T10-000632513,S11-250900015^2,32200741,A004,A104,24,2025-10-29 11:45:14,,0,1,0,1,1,0,0
S-W-20250916195700652-0125,T10-000632910,S11-250900027^2,S344B0BGHM2,A004,A104,24,2025-10-29 11:56:58,,0,1,0,1,1,0,0
S-W-20250916195701792-0012,T10-000632911,S11-250900027^3,S344B0WHHM2,A004,A104,24,2025-10-29 13:05:36,,0,1,0,1,1,0,0
S-W-20250916195702392-0138,T10-000632948,S11-250900027^4,S940B0ARHM2,A004,A104,24,2025-10-29 13:13:25,,0,1,0,1,1,0,0
S-W-20250916195703432-0012,T10-000632949,S11-250900027^5,S940B0BGHM2,A004,A104,24,2025-10-29 13:21:14,,0,1,0,1,1,0,0
S-W-20250916195704322-0152,T10-000632989,S11-250900027^6,S940A0ARHM,A004,A104,24,2025-10-29 13:25:14,,0,1,0,1,1,0,0
S-W-20250925110503472-0018,T10-000632735,S1A-250900009^1,S14170ARTW,A004,A104,24,2025-10-29 15:05:07,,0,1,0,1,1,0,0
S-W-20250925110503762-0025,T10-000632771,S1A-250900009^2,S840A0ARTW,A004,A104,24,2025-10-29 15:13:38,,0,1,0,1,1,0,0
S-W-20250925110748777-0013,T10-000633546,S1A-250900015^1,S542A-YLTWB,A004,A104,24,2025-10-29 15:40:09,,0,1,0,1,1,0,0
S-W-20250930204711598-0001-1,T10-000632625,S1A-241200023^1,S14710ARXF,A004,A104,24,2025-10-29 15:44:58,,0,1,0,1,1,0,0
S-W-20250930204650310-0029,T10-000632503,S11-250900015^1,30200715,A004,A104,24,2025-10-29 15:50:58,,0,1,0,1,1,0,0
S-W-20250930204716831-0001-1,T10-000632626,S1A-241200023^2,S14710OTXF,A004,A104,24,2025-10-29 16:04:25,,0,1,0,1,1,0,0
S-W-20250930204725372-0018,T10-000632735,S1A-250900009^1,S14170ARTW,A004,A104,24,2025-10-29 16:37:36,,0,1,0,1,1,0,0
S-W-20250930204729148-0025,T10-000632771,S1A-250900009^2,S840A0ARTW,A004,A104,24,2025-10-29 16:46:07,,0,1,0,1,1,0,0
S-W-20250930204742633-0002-1,T10-000632822,S1A-250900009^7,32200775,A004,A204,16,2025-10-29 07:50:00,,0,1,0,1,1,0,0
S-W-20250925110442995-0006-1,T10-000631734,S11-250800041^15,S840FBDGSW01,A004,A204,26,2025-10-29 08:04:31,,0,1,0,1,1,0,0
S-W-20250923163554041-0120-1,T10-000632910,S11-250900027^2,S344B0BGHM2,A004,A204,26,2025-10-29 08:07:43,,0,1,0,1,1,0,0
S-W-20250925110458899-0001-2,T10-000632539,S11-250900017^1,32200742,A004,A204,26,2025-10-29 08:10:45,,0,1,0,1,1,0,0
S-W-20250925110455499-0024-1,T10-000631897,S11-250800032^3,S941A2LGSW,A004,A204,26,2025-10-29 08:16:45,,0,1,0,1,1,0,0
S-W-20250923163554771-0012-1,T10-000632911,S11-250900027^3,S344B0WHHM2,A004,A204,26,2025-10-29 08:26:21,,0,1,0,1,1,0,0
S-W-20250923163730218-0036-1,T10-000633546,S1A-250900015^1,S542A-YLTWB,A004,A204,26,2025-10-29 08:48:40,,0,1,0,1,1,0,0
S-W-20250930204648419-0001-2,T10-000632534,S11-250900017^2,30500746,A004,A204,26,2025-10-29 09:13:49,,0,1,0,1,1,0,0
S-W-20250916195648872-0074-1,T10-000632513,S11-250900015^2,32200741,A004,A204,26,2025-10-29 11:45:14,,0,1,0,1,1,0,0
S-W-20250916195700652-0125-1,T10-000632910,S11-250900027^2,S344B0BGHM2,A004,A204,26,2025-10-29 11:56:58,,0,1,0,1,1,0,0
S-W-20250916195701792-0012-1,T10-000632911,S11-250900027^3,S344B0WHHM2,A004,A204,26,2025-10-29 13:05:36,,0,1,0,1,1,0,0
S-W-20250916195702392-0138-1,T10-000632948,S11-250900027^4,S940B0ARHM2,A004,A204,26,2025-10-29 13:13:25,,0,1,0,1,1,0,0
S-W-20250916195703432-0012-1,T10-000632949,S11-250900027^5,S940B0BGHM2,A004,A204,26,2025-10-29 13:21:14,,0,1,0,1,1,0,0
S-W-20250916195704322-0152-1,T10-000632989,S11-250900027^6,S940A0ARHM,A004,A204,26,2025-10-29 13:25:14,,0,1,0,1,1,0,0
S-W-20250925110503472-0018-1,T10-000632735,S1A-250900009^1,S14170ARTW,A004,A204,26,2025-10-29 15:05:07,,0,1,0,1,1,0,0
S-W-20250925110503762-0025-1,T10-000632771,S1A-250900009^2,S840A0ARTW,A004,A204,26,2025-10-29 15:13:38,,0,1,0,1,1,0,0
S-W-20250925110748777-0013-1,T10-000633546,S1A-250900015^1,S542A-YLTWB,A004,A204,26,2025-10-29 15:40:09,,0,1,0,1,1,0,0
S-W-20250930204711598-0001-2,T10-000632625,S1A-241200023^1,S14710ARXF,A004,A204,26,2025-10-29 15:44:58,,0,1,0,1,1,0,0
S-W-20250930204650310-0029-1,T10-000632503,S11-250900015^1,30200715,A004,A204,26,2025-10-29 15:50:58,,0,1,0,1,1,0,0
S-W-20250930204716831-0001-2,T10-000632626,S1A-241200023^2,S14710OTXF,A004,A204,26,2025-10-29 16:04:25,,0,1,0,1,1,0,0
S-W-20250930204725372-0018-1,T10-000632735,S1A-250900009^1,S14170ARTW,A004,A204,26,2025-10-29 16:37:36,,0,1,0,1,1,0,0
S-W-20250930204729148-0025-1,T10-000632771,S1A-250900009^2,S840A0ARTW,A004,A204,26,2025-10-29 16:46:07,,0,1,0,1,1,0,0
S-W-20250930204742633-0002-2,T10-000632822,S1A-250900009^7,32200775,A004,A304,18,2025-10-29 07:50:00,,0,1,0,1,1,0,0
S-W-20250925110442995-0006-2,T10-000631734,S11-250800041^15,S840FBDGSW01,A004,A304,28,2025-10-29 08:04:31,,0,1,0,1,1,0,0
S-W-20250923163554041-0120-2,T10-000632910,S11-250900027^2,S344B0BGHM2,A004,A304,28,2025-10-29 08:07:43,,0,1,0,1,1,0,0
S-W-20250925110458899-0001-3,T10-000632539,S11-250900017^1,32200742,A004,A304,28,2025-10-29 08:10:45,,0,1,0,1,1,0,0
S-W-20250925110455499-0024-2,T10-000631897,S11-250800032^3,S941A2LGSW,A004,A304,28,2025-10-29 08:16:45,,0,1,0,1,1,0,0
S-W-20250923163554771-0012-2,T10-000632911,S11-250900027^3,S344B0WHHM2,A004,A304,28,2025-10-29 08:26:21,,0,1,0,1,1,0,0
S-W-20250923163730218-0036-2,T10-000633546,S1A-250900015^1,S542A-YLTWB,A004,A304,28,2025-10-29 08:48:40,,0,1,0,1,1,0,0
S-W-20250930204648419-0001-3,T10-000632534,S11-250900017^2,30500746,A004,A304,28,2025-10-29 09:13:49,,0,1,0,1,1,0,0
S-W-20250916195648872-0074-2,T10-000632513,S11-250900015^2,32200741,A004,A304,28,2025-10-29 11:45:14,,0,1,0,1,1,0,0
S-W-20250916195700652-0125-2,T10-000632910,S11-250900027^2,S344B0BGHM2,A004,A304,28,2025-10-29 11:56:58,,0,1,0,1,1,0,0
S-W-20250916195701792-0012-2,T10-000632911,S11-250900027^3,S344B0WHHM2,A004,A304,28,2025-10-29 13:05:36,,0,1,0,1,1,0,0
S-W-20250916195702392-0138-2,T10-000632948,S11-250900027^4,S940B0ARHM2,A004,A304,28,2025-10-29 13:13:25,,0,1,0,1,1,0,0
S-W-20250916195703432-0012-2,T10-000632949,S11-250900027^5,S940B0BGHM2,A004,A304,28,2025-10-29 13:21:14,,0,1,0,1,1,0,0
S-W-20250916195704322-0152-2,T10-000632989,S11-250900027^6,S940A0ARHM,A004,A304,28,2025-10-29 13:25:14,,0,1,0,1,1,0,0
S-W-20250925110503472-0018-2,T10-000632735,S1A-250900009^1,S14170ARTW,A004,A304,28,2025-10-29 15:05:07,,0,1,0,1,1,0,0
S-W-20250925110503762-0025-2,T10-000632771,S1A-250900009^2,S840A0ARTW,A004,A304,28,2025-10-29 15:13:38,,0,1,0,1,1,0,0
S-W-20250925110748777-0013-2,T10-000633546,S1A-250900015^1,S542A-YLTWB,A004,A304,28,2025-10-29 15:40:09,,0,1,0,1,1,0,0
S-W-20250930204711598-0001-3,T10-000632625,S1A-241200023^1,S14710ARXF,A004,A304,28,2025-10-29 15:44:58,,0,1,0,1,1,0,0
S-W-20250930204716831-0001-3,T10-000632626,S1A-241200023^2,S14710OTXF,A004,A304,28,2025-10-29 16:04:25,,0,1,0,1,1,0,0
S-W-20250930204725372-0018-2,T10-000632735,S1A-250900009^1,S14170ARTW,A004,A304,28,2025-10-29 16:37:36,,0,1,0,1,1,0,0
S-W-20250930204729148-0025-2,T10-000632771,S1A-250900009^2,S840A0ARTW,A004,A304,28,2025-10-29 16:46:07,,0,1,0,1,1,0,0
S-W-20250923163601810-0107,T10-000633328,S11-250800036^1,32100306,A005,A003,10,2025-10-29 07:50:00,,0,1,0,1,1,0,0
S-W-20250925110513126-0037,T10-000632864,S11-250900027^1,32200129,A005,A003,10,2025-10-29 07:50:00,,0,1,0,1,1,0,0
S-W-20250925110513736-0030,T10-000632903,S11-250900027^2,31000090,A005,A003,10,2025-10-29 07:57:06,,0,1,0,1,1,0,0
S-W-20250925110513736-0031,T10-000632902,S11-250900027^2,31000089,A005,A003,10,2025-10-29 08:11:22,,0,1,0,1,1,0,0
S-W-20250923163601810-0108,T10-000633327,S11-250800036^1,31000343,A005,A003,10,2025-10-29 08:31:08,,0,1,0,1,1,0,0
S-W-20250923163601810-0109,T10-000633326,S11-250800036^1,31000342,A005,A003,10,2025-10-29 09:00:19,,0,1,0,1,1,0,0
S-W-20250923163608000-0103,T10-000633463,S11-250800036^9,32100039,A005,A003,10,2025-10-29 09:29:30,,0,1,0,1,1,0,0
S-W-20250930204710008-0004,T10-000633248,S11-250800033^6,32200844,A005,A003,10,2025-10-29 09:32:18,,0,1,0,1,1,0,0
S-W-20250923163608000-0104,T10-000633461,S11-250800036^9,31000343,A005,A003,10,2025-10-29 09:36:49,,0,1,0,1,1,0,0
S-W-20250923163608000-0105,T10-000633460,S11-250800036^9,31000342,A005,A003,10,2025-10-29 09:43:38,,0,1,0,1,1,0,0
S-W-20250923163609660-0121,T10-000633123,S11-250800033^1,32100306,A005,A003,10,2025-10-29 10:00:27,,0,1,0,1,1,0,0
S-W-20250930204747283-0037,T10-000632864,S11-250900027^1,32200129,A005,A003,10,2025-10-29 10:17:02,,0,1,0,1,1,0,0
S-W-20250923163609660-0122,T10-000633122,S11-250800033^1,31000343,A005,A003,10,2025-10-29 10:21:57,,0,1,0,1,1,0,0
S-W-20250923163609660-0123,T10-000633121,S11-250800033^1,31000342,A005,A003,10,2025-10-29 10:37:19,,0,1,0,1,1,0,0
S-W-20250923163610579-0103,T10-000633160,S11-250800033^2,32100039,A005,A003,10,2025-10-29 10:52:40,,0,1,0,1,1,0,0
S-W-20250923163610579-0104,T10-000633159,S11-250800033^2,31000343,A005,A003,10,2025-10-29 11:10:21,,0,1,0,1,1,0,0
S-W-20250923163610579-0105,T10-000633158,S11-250800033^2,31000342,A005,A003,10,2025-10-29 11:26:49,,0,1,0,1,1,0,0
S-W-20250923163611689-0086,T10-000633193,S11-250800033^3,32100039,A005,A003,10,2025-10-29 11:43:16,,0,1,0,1,1,0,0
S-W-20250923163611689-0087,T10-000633192,S11-250800033^3,31000090,A005,A003,10,2025-10-29 11:50:36,,0,1,0,1,1,0,0
S-W-20250923163611689-0088,T10-000633191,S11-250800033^3,31000089,A005,A003,10,2025-10-29 11:57:25,,0,1,0,1,1,0,0
S-W-20250923163613489-0074,T10-000633209,S11-250800033^4,32100180,A005,A003,10,2025-10-29 12:54:14,,0,1,0,1,1,0,0
S-W-20250923163613489-0081,T10-000633208,S11-250800033^4,31000611,A005,A003,10,2025-10-29 12:58:18,,0,1,0,1,1,0,0
S-W-20250923163613489-0086,T10-000633207,S11-250800033^4,31000078,A005,A003,10,2025-10-29 13:07:18,,0,1,0,1,1,0,0
S-W-20250923163614619-0073,T10-000633226,S11-250800033^5,31000078,A005,A003,10,2025-10-29 13:16:18,,0,1,0,1,1,0,0
S-W-20250923163614619-0074,T10-000633227,S11-250800033^5,31000611,A005,A003,10,2025-10-29 13:24:50,,0,1,0,1,1,0,0
S-W-20250923163614619-0079,T10-000633228,S11-250800033^5,32100180,A005,A003,10,2025-10-29 13:33:50,,0,1,0,1,1,0,0
S-W-20250923163616319-0116,T10-000633286,S11-250800033^7,31000342,A005,A003,10,2025-10-29 13:37:54,,0,1,0,1,1,0,0
S-W-20250923163616319-0117,T10-000633287,S11-250800033^7,31000343,A005,A003,10,2025-10-29 13:44:43,,0,1,0,1,1,0,0
S-W-20250923163616319-0122,T10-000633290,S11-250800033^7,32100039,A005,A003,10,2025-10-29 13:51:32,,0,1,0,1,1,0,0
S-W-20250930204742633-0001,T10-000632822,S1A-250900009^7,32200775,A005,A005,30,2025-10-29 10:03:24,,0,1,0,1,1,0,0
S-W-20250923163554041-0121,T10-000632910,S11-250900027^2,S344B0BGHM2,A005,A005,40,2025-10-29 08:46:07,,0,1,0,1,1,0,0
S-W-20250925110455499-0025,T10-000631897,S11-250800032^3,S941A2LGSW,A005,A005,40,2025-10-29 09:00:33,,0,1,0,1,1,0,0
S-W-20250923163554771-0013,T10-000632911,S11-250900027^3,S344B0WHHM2,A005,A005,40,2025-10-29 09:23:57,,0,1,0,1,1,0,0
S-W-20250923163730218-0037,T10-000633546,S1A-250900015^1,S542A-YLTWB,A005,A005,40,2025-10-29 10:17:52,,0,1,0,1,1,0,0
S-W-20250923163544191-0059,T10-000632503,S11-250900015^1,30200715,A005,A005,40,2025-10-29 11:26:58,,0,1,0,1,1,0,0
S-W-20250916195700652-0126,T10-000632910,S11-250900027^2,S344B0BGHM2,A005,A005,40,2025-10-29 13:25:22,,0,1,0,1,1,0,0
S-W-20250930204647076-0026,T10-000632539,S11-250900017^1,32200742,A005,A005,40,2025-10-29 13:33:37,,0,1,0,1,1,0,0
S-W-20250916195704322-0153,T10-000632989,S11-250900027^6,S940A0ARHM,A005,A005,40,2025-10-29 13:43:50,,0,1,0,1,1,0,0
S-W-20250916195702392-0139,T10-000632948,S11-250900027^4,S940B0ARHM2,A005,A005,40,2025-10-29 13:44:37,,0,1,0,1,1,0,0
S-W-20250916195703432-0013,T10-000632949,S11-250900027^5,S940B0BGHM2,A005,A005,40,2025-10-29 13:52:26,,0,1,0,1,1,0,0
S-W-20250916195701792-0013,T10-000632911,S11-250900027^3,S344B0WHHM2,A005,A005,40,2025-10-29 14:03:12,,0,1,0,1,1,0,0
S-W-20250925110748777-0014,T10-000633546,S1A-250900015^1,S542A-YLTWB,A005,A005,40,2025-10-29 16:59:21,,0,1,0,1,1,0,0
S-W-20250925110442995-0007,T10-000631734,S11-250800041^15,S840FBDGSW01,A005,A005,50,2025-10-29 08:41:07,,0,1,0,1,1,0,0
S-W-20250923163601810-0064,T10-000633320,S11-250800036^1,30400457,A006,A003,10,2025-10-29 07:50:00,,0,1,0,1,1,0,0
S-W-20250923163608000-0062,T10-000633454,S11-250800036^9,30400438,A006,A003,10,2025-10-29 09:03:25,,0,1,0,1,1,0,0
S-W-20250923163609660-0080,T10-000633118,S11-250800033^1,30400501,A006,A003,10,2025-10-29 09:17:15,,0,1,0,1,1,0,0
S-W-20250923163601810-0060,T10-000633322,S11-250800036^1,30529129,A007,A003,10,2025-10-29 07:50:00,,0,1,0,1,1,0,0
S-W-20250925110523749-0029,T10-000633051,S11-250900022^1,33700557,A007,A003,10,2025-10-29 07:50:00,,0,1,0,1,1,0,0
S-W-20250923163601810-0063,T10-000633321,S11-250800036^1,30500408,A007,A003,10,2025-10-29 08:18:32,,0,1,0,1,1,0,0
S-W-20250923163607289-0007,T10-000633325,S11-250800036^8,30540157,A007,A003,10,2025-10-29 08:32:16,,0,1,0,1,1,0,0
S-W-20250930204659668-0022,T10-000633391,S11-250800036^3,30500992,A007,A003,10,2025-10-29 08:48:56,,0,1,0,1,1,0,0
S-W-20250923163607289-0009,T10-000633324,S11-250800036^8,30540156,A007,A003,10,2025-10-29 08:59:21,,0,1,0,1,1,0,0
S-W-20250923163608000-0061,T10-000633457,S11-250800036^9,30500504,A007,A003,10,2025-10-29 09:16:14,,0,1,0,1,1,0,0
S-W-20250923163609660-0073,T10-000633120,S11-250800033^1,30509113,A007,A003,10,2025-10-29 09:23:32,,0,1,0,1,1,0,0
S-W-20250925110523749-0037,T10-000633038,S11-250900022^1,30500584,A007,A003,10,2025-10-29 10:00:00,,0,1,0,1,1,0,0
S-W-20250930204704355-0003,T10-000633390,S11-250800036^10,30500991,A007,A003,10,2025-10-29 10:10:10,,0,1,0,1,1,0,0
S-W-20250925110523749-0038,T10-000633037,S11-250900022^1,30500578,A007,A003,10,2025-10-29 10:21:27,,0,1,0,1,1,0,0
S-W-20250923163609660-0075,T10-000633119,S11-250800033^1,30509112,A007,A003,10,2025-10-29 10:24:46,,0,1,0,1,1,0,0
S-W-20250925110529300-0042,T10-000633036,S11-250900022^2,30500561,A007,A003,10,2025-10-29 11:01:39,,0,1,0,1,1,0,0
S-W-20251007174742094-0019,T20-000967538,S11-250900035^1,34003039,A10158,S1,10,2025-10-29 08:29:37,,0,1,0,1,1,0,0
S-W-20250916195707062-0011,T20-000964182,S11-250900021^2,20210524,A20119,S1,10,2025-10-29 07:50:00,,0,1,0,1,1,0,0
S-W-20250930204812312-0023,T20-000966319,S11-250900001^1,21030531,A20119,S1,10,2025-10-29 08:20:00,,2,1,0,1,1,0,0
S-W-20250930204812312-0024,T20-000966318,S11-250900001^1,21030530,A20119,S1,10,2025-10-29 08:20:00,,2,1,0,1,1,0,0
S-W-20250930204812312-0025,T20-000966317,S11-250900001^1,21030529,A20119,S1,10,2025-10-29 08:20:00,,2,1,0,1,1,0,0
S-W-20250930204812312-0026,T20-000966316,S11-250900001^1,21030526,A20119,S1,10,2025-10-29 08:20:00,,0,1,0,1,1,0,0
S-W-20250930204812312-0027,T20-000966315,S11-250900001^1,21030524,A20119,S1,10,2025-10-29 08:20:00,,2,1,0,1,1,0,0
S-W-20250930204812312-0028,T20-000966314,S11-250900001^1,21030341,A20119,S1,10,2025-10-29 08:20:00,,2,1,0,1,1,0,0
S-W-20250930204812312-0029,T20-000966313,S11-250900001^1,21030105,A20119,S1,10,2025-10-29 08:20:00,,2,1,0,1,1,0,0
S-W-20251007174724042-0011,T20-000967366,S11-250900011^5,21030902,A20119,S1,10,2025-10-29 08:20:00,,2,1,0,1,1,0,0
S-W-20251007174724042-0014,T20-000967368,S11-250900011^5,21030904,A20119,S1,10,2025-10-29 08:20:00,,2,1,0,1,1,0,0
S-W-20251007174724792-0008,T20-000967476,S11-250900011^7,21030655,A20119,S1,10,2025-10-29 08:20:00,,2,1,0,1,1,0,0
S-W-20251007174724792-0010,T20-000967479,S11-250900011^7,21030875,A20119,S1,10,2025-10-29 08:20:00,,2,1,0,1,1,0,0
S-W-20251007174724792-0012,T20-000967481,S11-250900011^7,21030877,A20119,S1,10,2025-10-29 08:20:00,,2,1,0,1,1,0,0
S-W-20251007174724792-0018,T20-000967484,S11-250900011^7,21030884,A20119,S1,10,2025-10-29 08:20:00,,2,1,0,1,1,0,0
S-W-20251007174741164-0016,T20-000968208,S11-250800037^6,21030130,A20119,S1,10,2025-10-29 08:20:00,,2,1,0,1,1,0,0
S-W-20251007174741164-0017,T20-000968209,S11-250800037^6,21030134,A20119,S1,10,2025-10-29 08:20:00,,2,1,0,1,1,0,0
S-W-20251007174741164-0018,T20-000968210,S11-250800037^6,21030918,A20119,S1,10,2025-10-29 08:20:00,,2,1,0,1,1,0,0
S-W-20251007174741164-0020,T20-000968212,S11-250800037^6,21030921,A20119,S1,10,2025-10-29 08:20:00,,2,1,0,1,1,0,0
S-W-20251007174741164-0021,T20-000968213,S11-250800037^6,21030968,A20119,S1,10,2025-10-29 08:20:00,,2,1,0,1,1,0,0
S-W-20251007174741164-0022,T20-000968214,S11-250800037^6,21030970,A20119,S1,10,2025-10-29 08:20:00,,2,1,0,1,1,0,0
S-W-20251007174743354-0061,T20-000968394,S11-250900028^6,21030868,A20119,S1,10,2025-10-29 08:20:00,,2,1,0,1,1,0,0
S-W-20251007174743354-0062,T20-000968387,S11-250900028^6,21030587,A20119,S1,10,2025-10-29 08:20:00,,2,1,0,1,1,0,0
S-W-20251007174743354-0063,T20-000968386,S11-250900028^6,21030586,A20119,S1,10,2025-10-29 08:20:00,,2,1,0,1,1,0,0
S-W-20251007174743354-0065,T20-000968384,S11-250900028^6,21030582,A20119,S1,10,2025-10-29 08:20:00,,2,1,0,1,1,0,0
S-W-20251007174743354-0066,T20-000968383,S11-250900028^6,21030580,A20119,S1,10,2025-10-29 08:20:00,,2,1,0,1,1,0,0
S-W-20251007174743354-0070,T20-000968381,S11-250900028^6,21030578,A20119,S1,10,2025-10-29 08:20:00,,2,1,0,1,1,0,0
S-W-20251007174743354-0071,T20-000968380,S11-250900028^6,21030575,A20119,S1,10,2025-10-29 08:20:00,,2,1,0,1,1,0,0
S-W-20251007174742094-0007,T20-000967530,S11-250900035^1,21401006,A20119,S1,10,2025-10-29 08:29:21,,2,1,0,1,1,0,0
S-W-20251007174722332-0065,T20-000967185,S11-250900011^1,20030591,A20119,S1,10,2025-10-29 08:33:48,,2,1,0,1,1,0,0
S-W-20251007174722332-0072,T20-000967186,S11-250900011^1,20030593,A20119,S1,10,2025-10-29 08:35:36,,2,1,0,1,1,0,0
S-W-20251007174745004-0072,T20-000967730,S11-250900018^1,21210383,A20119,S1,10,2025-10-29 08:37:23,,2,1,0,1,1,0,0
S-W-20251007174745004-0073,T20-000967732,S11-250900018^1,21210385,A20119,S1,10,2025-10-29 08:37:23,,2,1,0,1,1,0,0
S-W-20251007174724792-0047,T20-000967454,S11-250900011^7,20030658,A20119,S1,10,2025-10-29 08:40:24,,2,1,0,1,1,0,0
S-W-20251007174724792-0052,T20-000967455,S11-250900011^7,20030659,A20119,S1,10,2025-10-29 08:41:36,,2,1,0,1,1,0,0
S-W-20251007174746304-0065,T20-000967739,S11-250900018^2,21210444,A20119,S1,10,2025-10-29 09:16:54,,2,1,0,1,1,0,0
S-W-20251007174746304-0068,T20-000967740,S11-250900018^2,21210445,A20119,S1,10,2025-10-29 09:16:54,,2,1,0,1,1,0,0
S-W-20251007174727022-0033,T20-000966964,S11-250800035^3,20030878,A20119,S1,10,2025-10-29 09:36:40,,2,1,0,1,1,0,0
S-W-20251007174727022-0035,T20-000966967,S11-250800035^3,20030882,A20119,S1,10,2025-10-29 09:37:34,,2,1,0,1,1,0,0
S-W-20251007174738644-0016,T20-000967859,S11-250800037^1,20030136,A20119,S1,10,2025-10-29 10:26:31,,2,1,0,1,1,0,0
S-W-20251007174739694-0047,T20-000968000,S11-250800037^3,20030658,A20119,S1,10,2025-10-29 11:51:21,,2,1,0,1,1,0,0
S-W-20251007174739694-0052,T20-000968001,S11-250800037^3,20030659,A20119,S1,10,2025-10-29 12:58:09,,2,1,0,1,1,0,0
S-W-20251007174741634-0037,T20-000968251,S11-250800037^7,20020326,A20119,S1,10,2025-10-29 13:25:38,,2,1,0,1,1,0,0
S-W-20251007174747685-0072,T20-000967628,S11-250900016^2,21210383,A20119,S1,10,2025-10-29 13:28:51,,2,1,0,1,1,0,0
S-W-20251007174747685-0073,T20-000967630,S11-250900016^2,21210385,A20119,S1,10,2025-10-29 13:28:51,,2,1,0,1,1,0,0
S-W-20251007174741634-0039,T20-000968252,S11-250800037^7,20020328,A20119,S1,10,2025-10-29 13:33:55,,2,1,0,1,1,0,0
S-W-20251007175056589-0004,T20-000967576,S13-250900031^7,20020480,A20119,S1,10,2025-10-29 13:52:38,,2,1,0,1,1,0,0
S-W-20251007174739694-0008,T20-000968022,S11-250800037^3,21030655,A20119,S1,10,2025-10-29 13:56:39,,2,1,0,1,1,0,0
S-W-20251007174739694-0010,T20-000968025,S11-250800037^3,21030875,A20119,S1,10,2025-10-29 13:56:39,,2,1,0,1,1,0,0
S-W-20251007174739694-0012,T20-000968027,S11-250800037^3,21030877,A20119,S1,10,2025-10-29 13:56:39,,2,1,0,1,1,0,0
S-W-20251007174739694-0018,T20-000968030,S11-250800037^3,21030884,A20119,S1,10,2025-10-29 13:56:39,,2,1,0,1,1,0,0
S-W-20250930204805801-0064,T20-000966738,S11-250900014^1,21030750,A20119,S1,10,2025-10-29 15:40:00,,2,1,0,1,1,0,0
S-W-20250923163600260-0005,T20-000964270,S11-250900021^1,33700555,A30042,S1,10,2025-10-29 08:20:00,,0,1,0,1,1,0,0
S-W-20250930204754007-0055,T20-000964270,S11-250900021^1,33700555,A30042,S1,10,2025-10-29 08:20:00,,1,1,0,1,1,0,0
S-W-20250925110557864-0048,T23-000029442,S11-250800036^2,62009064,A30050,S1,10,2025-10-29 07:50:00,,0,1,0,1,1,0,0
S-W-20250930204654781-0029,T23-000029441,S11-250800036^1,62009066,A30050,S1,10,2025-10-29 07:50:00,,0,1,0,1,1,0,0
S-W-20250916195706222-0023,T23-000029416,S11-250900021^1,62022070,A30050,S1,10,2025-10-29 08:05:52,,0,1,0,1,1,0,0
S-W-20250916195706222-0024,T23-000029415,S11-250900021^1,62012070,A30050,S1,10,2025-10-29 08:05:52,,0,1,0,1,1,0,0
S-W-20250925110609659-0053,T23-000029443,S11-250800036^3,62009093,A30050,S1,10,2025-10-29 08:09:45,,0,1,0,1,1,0,0
S-W-20250930204745896-0055,T23-000029448,S1A-250900015^2,62012084,A30050,S1,10,2025-10-29 08:13:31,,0,1,0,1,1,0,0
S-W-20250930204745896-0056,T23-000029449,S1A-250900015^2,62022084,A30050,S1,10,2025-10-29 08:13:31,,0,1,0,1,1,0,0
S-W-20250925110444595-0024,T23-000029400,S11-250800038^4,62012083,A30050,S1,10,2025-10-29 08:38:52,,0,1,0,1,1,0,0
S-W-20250925110444595-0025,T23-000029401,S11-250800038^4,62022083,A30050,S1,10,2025-10-29 08:38:52,,0,1,0,1,1,0,0
S-W-20250925110459819-0002,T23-000029408,S11-250900017^2,62022071,A30050,S1,10,2025-10-29 09:02:40,,0,1,0,1,1,0,0
S-W-20250925110459819-0003,T23-000029407,S11-250900017^2,62012071,A30050,S1,10,2025-10-29 09:02:40,,0,1,0,1,1,0,0
S-W-20250930204702796-0025,T23-000029446,S11-250800036^9,62009103,A30050,S1,10,2025-10-29 09:03:25,,0,1,0,1,1,0,0
S-W-20250925110631455-0075,T23-000029430,S11-250800033^1,62001308,A30050,S1,10,2025-10-29 09:06:10,,0,1,0,1,1,0,0
S-W-20250930204705240-0021,T23-000029430,S11-250800033^1,62001308,A30050,S1,10,2025-10-29 09:17:15,,0,1,0,1,1,0,0
S-W-20250925110632736-0043,T23-000029432,S11-250800033^2,62001313,A30050,S1,10,2025-10-29 09:43:25,,0,1,0,1,1,0,0
S-W-20250930204706660-0029,T23-000029432,S11-250800033^2,62001313,A30050,S1,10,2025-10-29 10:04:30,,0,1,0,1,1,0,0
S-W-20250930204755796-0032,T23-000029471,S11-250800026^1,62009097,A30050,S1,10,2025-10-29 10:40:10,,0,1,0,1,1,0,0
S-W-20250925110500569-0002,T23-000029406,S11-250900015^1,62022070,A30050,S1,10,2025-10-29 13:03:40,,0,1,0,1,1,0,0
S-W-20250925110500569-0003,T23-000029405,S11-250900015^1,62012070,A30050,S1,10,2025-10-29 13:03:40,,0,1,0,1,1,0,0
S-W-20250930204758770-0064,T23-000029472,S11-250800026^5,62001308,A30050,S1,10,2025-10-29 13:22:35,,0,1,0,1,1,0,0
S-W-20250930204905489-0002,T23-000029429,S13-250900019^14,32000640,A50044,S1,10,2025-10-29 15:19:28,,2,1,0,1,1,0,0
S-W-20250930204754007-0010,T20-000964250,S11-250900021^1,30258144,B50050,S1,10,2025-10-29 08:13:14,,0,1,0,1,1,0,0
S-W-20250923163601170-0068,T20-000964262,S11-250900021^2,32158012,B50050,S1,10,2025-10-29 08:53:46,,0,1,0,1,1,0,0
S-W-20250923163604680-0010,T20-000965757,S11-250800036^4,30258141,B50050,S1,10,2025-10-29 09:23:12,,0,1,0,1,1,0,0
S-W-20250923163613489-0030,T20-000965322,S11-250800033^4,30258141,B50050,S1,10,2025-10-29 11:00:00,,0,1,0,1,1,0,0
S-W-20250923163614619-0029,T20-000965383,S11-250800033^5,30258141,B50050,S1,10,2025-10-29 11:12:11,,0,1,0,1,1,0,0
S-W-20250923163600260-0033,T20-000964247,S11-250900021^1,30258139,B50050,S1,10,2025-10-29 11:20:00,,0,1,0,1,1,0,0
S-W-20250923163600260-0040,T20-000964246,S11-250900021^1,30258138,B50050,S1,10,2025-10-29 11:20:00,,0,1,0,1,1,0,0
S-W-20250923163615359-0028,T20-000965436,S11-250800033^6,30204046,B50050,S1,10,2025-10-29 11:25:47,,0,1,0,1,1,0,0
S-W-20250930204855269-0002,T20-000964280,S13-250900014^9,30258139,B50050,S1,10,2025-10-29 11:47:42,,0,1,0,1,1,0,0
S-W-20250930204900399-0002,T20-000965961,S13-250900045^3,33345009,B50050,S1,10,2025-10-29 13:07:40,,0,1,0,1,1,0,0
S-W-20250925110622167-0018,T20-000965756,S11-250800036^4,30258125,B50050,S1,10,2025-10-29 13:48:34,,0,1,0,1,1,0,0
S-W-20250925110622167-0020,T20-000965752,S11-250800036^4,30258069,B50050,S1,10,2025-10-29 13:48:34,,0,1,0,1,1,0,0
S-W-20250925110622167-0025,T20-000965755,S11-250800036^4,30258124,B50050,S1,10,2025-10-29 13:48:34,,0,1,0,1,1,0,0
S-W-20250925110622167-0028,T20-000965751,S11-250800036^4,30258068,B50050,S1,10,2025-10-29 13:48:34,,0,1,0,1,1,0,0
S-W-20250925110622167-0031,T20-000965754,S11-250800036^4,30258123,B50050,S1,10,2025-10-29 13:48:34,,0,1,0,1,1,0,0
S-W-20250925110622167-0037,T20-000965753,S11-250800036^4,30258122,B50050,S1,10,2025-10-29 13:48:34,,0,1,0,1,1,0,0
S-W-20250925110636267-0031,T20-000965321,S11-250800033^4,30258125,B50050,S1,10,2025-10-29 15:48:16,,0,1,0,1,1,0,0
S-W-20250925110636267-0033,T20-000965317,S11-250800033^4,30258069,B50050,S1,10,2025-10-29 15:48:16,,0,1,0,1,1,0,0
S-W-20250925110636267-0038,T20-000965320,S11-250800033^4,30258124,B50050,S1,10,2025-10-29 15:48:16,,0,1,0,1,1,0,0
S-W-20250925110636267-0041,T20-000965316,S11-250800033^4,30258068,B50050,S1,10,2025-10-29 15:48:16,,0,1,0,1,1,0,0
S-W-20250925110636267-0044,T20-000965319,S11-250800033^4,30258123,B50050,S1,10,2025-10-29 15:48:16,,0,1,0,1,1,0,0
S-W-20250925110636267-0051,T20-000965318,S11-250800033^4,30258122,B50050,S1,10,2025-10-29 15:48:16,,0,1,0,1,1,0,0
S-W-20250925110638438-0003,T20-000965377,S11-250800033^5,30258095,B50050,S1,10,2025-10-29 16:00:27,,0,1,0,1,1,0,0
S-W-20250925110638438-0007,T20-000965378,S11-250800033^5,30258096,B50050,S1,10,2025-10-29 16:00:27,,0,1,0,1,1,0,0
S-W-20250925110638438-0011,T20-000965379,S11-250800033^5,30258097,B50050,S1,10,2025-10-29 16:00:27,,0,1,0,1,1,0,0
S-W-20250925110638438-0013,T20-000965381,S11-250800033^5,30258099,B50050,S1,10,2025-10-29 16:00:27,,0,1,0,1,1,0,0
S-W-20250925110638438-0016,T20-000965380,S11-250800033^5,30258098,B50050,S1,10,2025-10-29 16:00:27,,0,1,0,1,1,0,0
S-W-20250925110638438-0019,T20-000965382,S11-250800033^5,30258100,B50050,S1,10,2025-10-29 16:00:27,,0,1,0,1,1,0,0
S-W-20250925110640144-0014,T20-000965450,S11-250800033^6,34104021,B50050,S1,10,2025-10-29 16:14:04,,0,1,0,1,1,0,0
S-W-20250925110640144-0017,T20-000965451,S11-250800033^6,34104022,B50050,S1,10,2025-10-29 16:14:04,,0,1,0,1,1,0,0
S-W-20250925110640144-0036,T20-000965449,S11-250800033^6,34103204,B50050,S1,10,2025-10-29 16:14:04,,0,1,0,1,1,0,0
S-W-20250925110640144-0047,T20-000965448,S11-250800033^6,34103199,B50050,S1,10,2025-10-29 16:14:04,,0,1,0,1,1,0,0
S-W-20250930204853059-0002,T20-000964164,S13-250900013^14,33303113,B50063,S1,10,2025-10-29 08:32:33,,0,1,0,1,1,0,0
S-W-20250930204906099-0022,T20-000965054,S13-250900019^15,32103278,B50063,S1,10,2025-10-29 10:30:19,,0,1,0,1,1,0,0
S-W-20250930204906099-0031,T20-000965053,S13-250900019^15,32103277,B50063,S1,10,2025-10-29 10:30:19,,2,1,0,1,1,0,0
S-W-20250925110640144-0045,T20-000965447,S11-250800033^6,34103177,B50063,S1,10,2025-10-29 11:14:04,,0,1,0,1,1,0,0
S-W-20250930204700238-0021,T20-000965762,S11-250800036^4,34103176,B50063,S1,10,2025-10-29 13:56:34,,0,1,0,1,1,0,0
S-W-20250923163555251-0003,T20-000964743,S11-250900027^4,34200221,B50063,S1,10,2025-10-29 14:30:00,,0,1,0,1,1,0,0
S-W-20250923163555251-0049,T20-000964717,S11-250900027^4,30303224,B50063,S1,10,2025-10-29 14:30:00,,0,1,0,1,1,0,0
S-W-20250923163555251-0051,T20-000964716,S11-250900027^4,30303223,B50063,S1,10,2025-10-29 14:30:00,,0,1,0,1,1,0,0
S-W-20250925110514946-0003,T20-000964743,S11-250900027^4,34200221,B50063,S1,10,2025-10-29 14:30:00,,0,1,0,1,1,0,0
S-W-20250925110514946-0034,T20-000964717,S11-250900027^4,30303224,B50063,S1,10,2025-10-29 14:30:00,,0,1,0,1,1,0,0
S-W-20250925110514946-0036,T20-000964716,S11-250900027^4,30303223,B50063,S1,10,2025-10-29 14:30:00,,0,1,0,1,1,0,0
S-W-20250930204652153-0006,T20-000963914,S11-250900015^2,30603094,B50063,S1,10,2025-10-29 14:30:00,,2,1,0,1,1,0,0
S-W-20250930204652153-0022,T20-000963922,S11-250900015^2,32103194,B50063,S1,10,2025-10-29 14:30:00,,0,1,0,1,1,0,0
S-W-20250930204652153-0033,T20-000963935,S11-250900015^2,41100070,B50063,S1,10,2025-10-29 14:30:00,,2,1,0,1,1,0,0
S-W-20250930204654781-0004,T20-000965566,S11-250800036^1,30303007,B50063,S1,10,2025-10-29 14:30:00,,0,1,0,1,1,0,0
S-W-20250930204654781-0007,T20-000965567,S11-250800036^1,30303022,B50063,S1,10,2025-10-29 14:30:00,,0,1,0,1,1,0,0
S-W-20250930204654781-0010,T20-000965568,S11-250800036^1,30303062,B50063,S1,10,2025-10-29 14:30:00,,0,1,0,1,1,0,0
S-W-20250930204654781-0012,T20-000965569,S11-250800036^1,30303068,B50063,S1,10,2025-10-29 14:30:00,,0,1,0,1,1,0,0
S-W-20250930204654781-0014,T20-000965570,S11-250800036^1,30303319,B50063,S1,10,2025-10-29 14:30:00,,2,1,0,1,1,0,0
S-W-20250930204654781-0016,T20-000965575,S11-250800036^1,30303356,B50063,S1,10,2025-10-29 14:30:00,,2,1,0,1,1,0,0
S-W-20250930204654781-0018,T20-000965576,S11-250800036^1,30303357,B50063,S1,10,2025-10-29 14:30:00,,2,1,0,1,1,0,0
S-W-20250930204708658-0046,T20-000965332,S11-250800033^4,34103087,B50063,S1,10,2025-10-29 14:30:00,,0,1,0,1,1,0,0
S-W-20250930204708658-0050,T20-000965333,S11-250800033^4,34103169,B50063,S1,10,2025-10-29 14:30:00,,0,1,0,1,1,0,0
S-W-20251007174725392-0069,T20-000966885,S11-250800035^1,30403051,B50063,S1,10,2025-10-29 14:30:00,,0,1,0,1,1,0,0
S-W-20251007174725392-0071,T20-000966886,S11-250800035^1,30403133,B50063,S1,10,2025-10-29 14:30:00,,0,1,0,1,1,0,0
S-W-20251007174725392-0098,T20-000966882,S11-250800035^1,30303243,B50063,S1,10,2025-10-29 14:30:00,,2,1,0,1,1,0,0
S-W-20251007174725392-0103,T20-000966894,S11-250800035^1,33503125,B50063,S1,10,2025-10-29 14:30:00,,2,1,0,1,1,0,0
S-W-20251007174725392-0106,T20-000966895,S11-250800035^1,33503140,B50063,S1,10,2025-10-29 14:30:00,,0,1,0,1,1,0,0
S-W-20251007174725392-0110,T20-000966896,S11-250800035^1,33503177,B50063,S1,10,2025-10-29 14:30:00,,2,1,0,1,1,0,0
S-W-20250925110623197-0015,T20-000965792,S11-250800036^5,33503175,B50063,S1,10,2025-10-29 14:31:16,,0,1,0,1,1,0,0
S-W-20250925110636267-0007,T20-000965332,S11-250800033^4,34103087,B50063,S1,10,2025-10-29 14:31:37,,0,1,0,1,1,0,0
S-W-20250925110636267-0011,T20-000965333,S11-250800033^4,34103169,B50063,S1,10,2025-10-29 14:31:37,,0,1,0,1,1,0,0
S-W-20250925110634393-0072,T20-000965261,S11-250800033^3,30403121,B50063,S1,10,2025-10-29 14:34:07,,0,1,0,1,1,0,0
S-W-20250925110634393-0074,T20-000965260,S11-250800033^3,30403120,B50063,S1,10,2025-10-29 14:34:07,,0,1,0,1,1,0,0
S-W-20250925110634393-0076,T20-000965259,S11-250800033^3,30403039,B50063,S1,10,2025-10-29 14:34:07,,0,1,0,1,1,0,0
S-W-20250925110634393-0078,T20-000965257,S11-250800033^3,30303341,B50063,S1,10,2025-10-29 14:34:07,,0,1,0,1,1,0,0
S-W-20250930204709348-0046,T20-000965393,S11-250800033^5,34103087,B50063,S1,10,2025-10-29 14:34:52,,0,1,0,1,1,0,0
S-W-20250930204709348-0051,T20-000965394,S11-250800033^5,34103169,B50063,S1,10,2025-10-29 14:34:52,,0,1,0,1,1,0,0
S-W-20250925110638438-0046,T20-000965393,S11-250800033^5,34103087,B50063,S1,10,2025-10-29 14:36:29,,0,1,0,1,1,0,0
S-W-20250925110638438-0051,T20-000965394,S11-250800033^5,34103169,B50063,S1,10,2025-10-29 14:36:29,,0,1,0,1,1,0,0
S-W-20250925110533992-0056,T20-000964239,S11-250900021^1,30203111,B50063,S1,10,2025-10-29 15:06:27,,0,1,0,1,1,0,0
S-W-20251007174726502-0057,T20-000966939,S11-250800035^2,30404016,B50063,S1,10,2025-10-29 15:12:00,,2,1,0,1,1,0,0
S-W-20250925110623197-0055,T20-000965783,S11-250800036^5,31003244,B50063,S1,10,2025-10-29 15:15:49,,0,1,0,1,1,0,0
S-W-20250925110623197-0057,T20-000965793,S11-250800036^5,33603071,B50063,S1,10,2025-10-29 15:15:49,,0,1,0,1,1,0,0
S-W-20250925110623197-0062,T20-000965784,S11-250800036^5,31003245,B50063,S1,10,2025-10-29 15:15:49,,0,1,0,1,1,0,0
S-W-20250923163601170-0049,T20-000964254,S11-250900021^2,31003256,B50063,S1,10,2025-10-29 15:21:26,,0,1,0,1,1,0,0
S-W-20250923163601170-0051,T20-000964241,S11-250900021^2,30203115,B50063,S1,10,2025-10-29 15:21:26,,0,1,0,1,1,0,0
S-W-20251007174726502-0083,T20-000966952,S11-250800035^2,33503141,B50063,S1,10,2025-10-29 15:29:59,,2,1,0,1,1,0,0
S-W-20251007174726502-0086,T20-000966953,S11-250800035^2,33503152,B50063,S1,10,2025-10-29 15:29:59,,0,1,0,1,1,0,0
S-W-20251007174726502-0089,T20-000966954,S11-250800035^2,33503153,B50063,S1,10,2025-10-29 15:29:59,,0,1,0,1,1,0,0
S-W-20250930204702796-0012,T20-000965844,S11-250800036^9,30303062,B50063,S1,10,2025-10-29 15:34:25,,0,1,0,1,1,0,0
S-W-20251007174723582-0064,T20-000967328,S11-250900011^4,30403146,B50063,S1,10,2025-10-29 15:34:25,,0,1,0,1,1,0,0
S-W-20251007174724042-0052,T20-000967381,S11-250900011^5,30403139,B50063,S1,10,2025-10-29 15:35:05,,0,1,0,1,1,0,0
S-W-20251007174724432-0052,T20-000967436,S11-250900011^6,30403139,B50063,S1,10,2025-10-29 15:36:36,,0,1,0,1,1,0,0
S-W-20251007174725392-0094,T20-000966897,S11-250800035^1,33703110,B50063,S1,10,2025-10-29 15:37:48,,0,1,0,1,1,0,0
S-W-20250930204705240-0003,T20-000965114,S11-250800033^1,30303068,B50063,S1,10,2025-10-29 15:41:56,,0,1,0,1,1,0,0
S-W-20250930204705240-0005,T20-000965115,S11-250800033^1,30303101,B50063,S1,10,2025-10-29 15:41:56,,0,1,0,1,1,0,0
S-W-20250930204705240-0008,T20-000965116,S11-250800033^1,30303102,B50063,S1,10,2025-10-29 15:41:56,,0,1,0,1,1,0,0
S-W-20250930204705240-0011,T20-000965120,S11-250800033^1,30303236,B50063,S1,10,2025-10-29 15:41:56,,2,1,0,1,1,0,0
S-W-20250930204705240-0013,T20-000965122,S11-250800033^1,30303352,B50063,S1,10,2025-10-29 15:41:56,,2,1,0,1,1,0,0
S-W-20250930204705240-0015,T20-000965123,S11-250800033^1,30303353,B50063,S1,10,2025-10-29 15:41:56,,2,1,0,1,1,0,0
S-W-20250930204705240-0045,T20-000965138,S11-250800033^1,34203129,B50063,S1,10,2025-10-29 15:41:56,,0,1,0,1,1,0,0
S-W-20251007174727682-0061,T20-000967078,S11-250800035^4,30303322,B50063,S1,10,2025-10-29 15:43:55,,1,1,0,1,1,0,0
S-W-20250925110557864-0055,T20-000965649,S11-250800036^2,30303258,B50063,S1,10,2025-10-29 15:50:21,,0,1,0,1,1,0,0
S-W-20250925110557864-0057,T20-000965648,S11-250800036^2,30303245,B50063,S1,10,2025-10-29 15:50:21,,0,1,0,1,1,0,0
S-W-20250925110557864-0060,T20-000965647,S11-250800036^2,30303244,B50063,S1,10,2025-10-29 15:50:21,,0,1,0,1,1,0,0
S-W-20250925110557864-0063,T20-000965645,S11-250800036^2,30303241,B50063,S1,10,2025-10-29 15:50:21,,0,1,0,1,1,0,0
S-W-20250925110557864-0066,T20-000965644,S11-250800036^2,30303240,B50063,S1,10,2025-10-29 15:50:21,,0,1,0,1,1,0,0
S-W-20250925110609659-0058,T20-000965703,S11-250800036^3,30303348,B50063,S1,10,2025-10-29 15:56:21,,0,1,0,1,1,0,0
S-W-20250925110609659-0061,T20-000965702,S11-250800036^3,30303347,B50063,S1,10,2025-10-29 15:56:21,,0,1,0,1,1,0,0
S-W-20250925110609659-0064,T20-000965701,S11-250800036^3,30303346,B50063,S1,10,2025-10-29 15:56:21,,0,1,0,1,1,0,0
S-W-20250925110609659-0067,T20-000965700,S11-250800036^3,30303345,B50063,S1,10,2025-10-29 15:56:21,,0,1,0,1,1,0,0
S-W-20250930204754007-0004,T20-000964239,S11-250900021^1,30203111,B50063,S1,10,2025-10-29 15:56:27,,0,1,0,1,1,0,0
S-W-20250925110623993-0002,T20-000965867,S11-250800036^6,30603104,B50063,S1,10,2025-10-29 16:09:01,,0,1,0,1,1,0,0
S-W-20250930204706660-0004,T20-000965179,S11-250800033^2,30303007,B50063,S1,10,2025-10-29 16:09:59,,0,1,0,1,1,0,0
S-W-20250930204706660-0007,T20-000965180,S11-250800033^2,30303022,B50063,S1,10,2025-10-29 16:09:59,,0,1,0,1,1,0,0
S-W-20250930204706660-0010,T20-000965181,S11-250800033^2,30303062,B50063,S1,10,2025-10-29 16:09:59,,0,1,0,1,1,0,0
S-W-20250930204706660-0012,T20-000965182,S11-250800033^2,30303068,B50063,S1,10,2025-10-29 16:09:59,,0,1,0,1,1,0,0
S-W-20250930204706660-0014,T20-000965183,S11-250800033^2,30303319,B50063,S1,10,2025-10-29 16:09:59,,2,1,0,1,1,0,0
S-W-20250930204706660-0016,T20-000965188,S11-250800033^2,30303356,B50063,S1,10,2025-10-29 16:09:59,,2,1,0,1,1,0,0
S-W-20250930204706660-0018,T20-000965189,S11-250800033^2,30303357,B50063,S1,10,2025-10-29 16:09:59,,2,1,0,1,1,0,0
S-W-20250925110631455-0047,T20-000965138,S11-250800033^1,34203129,B50063,S1,10,2025-10-29 16:24:06,,0,1,0,1,1,0,0
S-W-20250925110631455-0079,T20-000965123,S11-250800033^1,30303353,B50063,S1,10,2025-10-29 16:24:06,,0,1,0,1,1,0,0
S-W-20250925110631455-0081,T20-000965122,S11-250800033^1,30303352,B50063,S1,10,2025-10-29 16:24:06,,0,1,0,1,1,0,0
S-W-20250925110631455-0083,T20-000965120,S11-250800033^1,30303236,B50063,S1,10,2025-10-29 16:24:06,,0,1,0,1,1,0,0
S-W-20250925110631455-0085,T20-000965116,S11-250800033^1,30303102,B50063,S1,10,2025-10-29 16:24:06,,0,1,0,1,1,0,0
S-W-20250925110631455-0088,T20-000965115,S11-250800033^1,30303101,B50063,S1,10,2025-10-29 16:24:06,,0,1,0,1,1,0,0
S-W-20250925110631455-0091,T20-000965114,S11-250800033^1,30303068,B50063,S1,10,2025-10-29 16:24:06,,0,1,0,1,1,0,0
S-W-20251007174739174-0061,T20-000967980,S11-250800037^2,30303322,B50063,S1,10,2025-10-29 16:26:44,,2,1,0,1,1,0,0
S-W-20250930204708658-0039,T20-000965325,S11-250800033^4,32103073,B50063,S1,10,2025-10-29 16:35:23,,2,1,0,1,1,0,0
S-W-20250930204709348-0039,T20-000965386,S11-250800033^5,32103073,B50063,S1,10,2025-10-29 16:38:06,,2,1,0,1,1,0,0
S-W-20250930204710528-0016,T20-000965496,S11-250800033^7,30303062,B50063,S1,10,2025-10-29 16:40:32,,0,1,0,1,1,0,0
S-W-20250930204710528-0018,T20-000965501,S11-250800033^7,30303439,B50063,S1,10,2025-10-29 16:40:32,,2,1,0,1,1,0,0
S-W-20250930204710528-0024,T20-000965502,S11-250800033^7,30303440,B50063,S1,10,2025-10-29 16:40:32,,0,1,0,1,1,0,0
S-W-20250923163601170-0059,T20-000964253,S11-250900021^2,31003255,B50063,S1,10,2025-10-29 16:42:36,,0,1,0,1,1,0,0
S-W-20250923163601170-0061,T20-000964240,S11-250900021^2,30203114,B50063,S1,10,2025-10-29 16:42:36,,0,1,0,1,1,0,0
S-W-20250925110632736-0052,T20-000965189,S11-250800033^2,30303357,B50063,S1,10,2025-10-29 16:52:09,,0,1,0,1,1,0,0
S-W-20250925110632736-0054,T20-000965188,S11-250800033^2,30303356,B50063,S1,10,2025-10-29 16:52:09,,0,1,0,1,1,0,0
S-W-20250925110632736-0056,T20-000965183,S11-250800033^2,30303319,B50063,S1,10,2025-10-29 16:52:09,,0,1,0,1,1,0,0
S-W-20250925110632736-0058,T20-000965182,S11-250800033^2,30303068,B50063,S1,10,2025-10-29 16:52:09,,0,1,0,1,1,0,0
S-W-20250925110632736-0060,T20-000965181,S11-250800033^2,30303062,B50063,S1,10,2025-10-29 16:52:09,,0,1,0,1,1,0,0
S-W-20250925110632736-0062,T20-000965180,S11-250800033^2,30303022,B50063,S1,10,2025-10-29 16:52:09,,0,1,0,1,1,0,0
S-W-20250925110632736-0065,T20-000965179,S11-250800033^2,30303007,B50063,S1,10,2025-10-29 16:52:09,,0,1,0,1,1,0,0
S-W-20250930204759500-0017,T20-000966651,S11-250800026^6,34103177,B50063,S1,10,2025-10-29 16:56:11,,2,1,0,1,1,0,0
S-W-20251007174740614-0069,T20-000968157,S11-250800037^5,22410067,B50071,S1,10,2025-10-29 07:51:42,,0,1,0,1,1,0,0
S-W-20250930204802030-0011,T20-000966131,S11-250900023^1,22020087,B50071,S1,10,2025-10-29 08:50:00,,0,1,0,1,1,0,0
S-W-20250930204812312-0124,T20-000966338,S11-250900001^1,22030288,B50071,S1,10,2025-10-29 09:01:27,,0,1,0,1,1,0,0
S-W-20250930204812312-0134,T20-000966337,S11-250900001^1,22030287,B50071,S1,10,2025-10-29 09:30:25,,0,1,0,1,1,0,0
S-W-20251007174741634-0026,T20-000968284,S11-250800037^7,22310078,B50071,S1,10,2025-10-29 10:03:38,,0,1,0,1,1,0,0
S-W-20250930204802631-0127,T20-000966076,S11-250900020^1,22410141,B50071,S1,10,2025-10-29 14:18:07,,0,1,0,1,1,0,0
S-W-20251007174725392-0003,T20-000966862,S11-250800035^1,22030215,B50071,S1,10,2025-10-29 15:10:00,,0,1,0,1,1,0,0
S-W-20251007174725392-0005,T20-000966863,S11-250800035^1,22030216,B50071,S1,10,2025-10-29 15:10:00,,0,1,0,1,1,0,0
S-W-20251007174740184-0060,T20-000968104,S11-250800037^4,22410067,B50071,S1,10,2025-10-29 15:30:58,,0,1,0,1,1,0,0
S-W-20251007174741634-0061,T20-000968286,S11-250800037^7,22410067,B50071,S1,10,2025-10-29 15:35:50,,0,1,0,1,1,0,0
S-W-20251007174727022-0045,T20-000966991,S11-250800035^3,22030343,B50071,S1,10,2025-10-29 15:40:03,,0,1,0,1,1,0,0
S-W-20251007174727022-0049,T20-000966992,S11-250800035^3,22030344,B50071,S1,10,2025-10-29 15:40:03,,0,1,0,1,1,0,0
S-W-20251007174727682-0050,T20-000967066,S11-250800035^4,22030469,B50071,S1,10,2025-10-29 15:54:36,,0,1,0,1,1,0,0
S-W-20251007174727682-0053,T20-000967067,S11-250800035^4,22030470,B50071,S1,10,2025-10-29 15:54:36,,0,1,0,1,1,0,0
S-W-20250930204812312-0141,T20-000966355,S11-250900001^1,22420300,B50071,S1,10,2025-10-29 16:58:21,,0,1,0,1,1,0,0
S-W-20250925110626752-0012,T20-000965821,S11-250800036^9,21030920,B50073,S1,10,2025-10-29 07:50:00,,0,1,0,1,1,0,0
S-W-20250925110626752-0014,T20-000965819,S11-250800036^9,21030814,B50073,S1,10,2025-10-29 07:50:00,,0,1,0,1,1,0,0
S-W-20250930204656841-0069,T20-000965605,S11-250800036^2,20030874,B50073,S1,10,2025-10-29 07:50:00,,2,1,0,1,1,0,0
S-W-20250930204759500-0036,T20-000966593,S11-250800026^6,20010524,B50073,S1,10,2025-10-29 07:50:00,,2,1,0,1,1,0,0
S-W-20250930204759500-0039,T20-000966592,S11-250800026^6,20010523,B50073,S1,10,2025-10-29 07:50:00,,2,1,0,1,1,0,0
S-W-20250930204805041-0015,T20-000966194,S11-250900019^2,20210495,B50073,S1,10,2025-10-29 07:50:00,,2,1,0,1,1,0,0
S-W-20250930204805801-0053,T20-000966723,S11-250900014^1,20210288,B50073,S1,10,2025-10-29 07:50:00,,2,1,0,1,1,0,0
S-W-20250930204805801-0149,T20-000966716,S11-250900014^1,20030738,B50073,S1,10,2025-10-29 07:50:00,,2,1,0,1,1,0,0
S-W-20250930204805801-0151,T20-000966717,S11-250900014^1,20030739,B50073,S1,10,2025-10-29 07:50:00,,2,1,0,1,1,0,0
S-W-20250930204805801-0153,T20-000966715,S11-250900014^1,20030737,B50073,S1,10,2025-10-29 07:50:00,,2,1,0,1,1,0,0
S-W-20250930204707728-0061,T20-000965212,S11-250800033^3,20030874,B50073,S1,10,2025-10-29 07:58:02,,2,1,0,1,1,0,0
S-W-20250930204805801-0155,T20-000966714,S11-250900014^1,20030736,B50073,S1,10,2025-10-29 07:59:14,,2,1,0,1,1,0,0
S-W-20250930204919599-0007,T20-000966437,S13-250900051^2,20030752,B50073,S1,10,2025-10-29 08:03:01,,2,1,0,1,1,0,0
S-W-20251007174743354-0097,T20-000968362,S11-250900028^6,20030588,B50073,S1,10,2025-10-29 08:15:12,,2,1,0,1,1,0,0
S-W-20251007174743354-0107,T20-000968377,S11-250900028^6,20031073,B50073,S1,10,2025-10-29 08:15:12,,2,1,0,1,1,0,0
S-W-20250930204919599-0011,T20-000966434,S13-250900051^2,20030539,B50073,S1,10,2025-10-29 08:21:12,,2,1,0,1,1,0,0
S-W-20250930204919599-0013,T20-000966433,S13-250900051^2,20030538,B50073,S1,10,2025-10-29 08:21:12,,2,1,0,1,1,0,0
S-W-20251007174724792-0054,T20-000967470,S11-250900011^7,20031072,B50073,S1,10,2025-10-29 08:42:12,,2,1,0,1,1,0,0
S-W-20251007174724792-0091,T20-000967467,S11-250900011^7,20030886,B50073,S1,10,2025-10-29 08:42:48,,2,1,0,1,1,0,0
S-W-20250930204802030-0021,T20-000966120,S11-250900023^1,21020087,B50073,S1,10,2025-10-29 08:50:00,,2,1,0,1,1,0,0
S-W-20251007174724792-0093,T20-000967468,S11-250900011^7,20030887,B50073,S1,10,2025-10-29 08:50:14,,2,1,0,1,1,0,0
S-W-20251007174724792-0095,T20-000967469,S11-250900011^7,20030888,B50073,S1,10,2025-10-29 09:01:45,,2,1,0,1,1,0,0
S-W-20251007174724792-0097,T20-000967471,S11-250900011^7,20040181,B50073,S1,10,2025-10-29 09:02:57,,2,1,0,1,1,0,0
S-W-20251007174724792-0099,T20-000967473,S11-250900011^7,20040184,B50073,S1,10,2025-10-29 09:06:04,,2,1,0,1,1,0,0
S-W-20251007174726502-0018,T20-000966900,S11-250800035^2,20030892,B50073,S1,10,2025-10-29 09:06:12,,2,1,0,1,1,0,0
S-W-20251007174726502-0020,T20-000966901,S11-250800035^2,20030893,B50073,S1,10,2025-10-29 09:06:51,,2,1,0,1,1,0,0
S-W-20251007174726502-0022,T20-000966902,S11-250800035^2,20030894,B50073,S1,10,2025-10-29 09:09:04,,2,1,0,1,1,0,0
S-W-20251007174726502-0024,T20-000966903,S11-250800035^2,20030895,B50073,S1,10,2025-10-29 09:12:01,,2,1,0,1,1,0,0
S-W-20251007174726502-0026,T20-000966904,S11-250800035^2,20030896,B50073,S1,10,2025-10-29 09:13:52,,2,1,0,1,1,0,0
S-W-20251007174726502-0028,T20-000966906,S11-250800035^2,20030898,B50073,S1,10,2025-10-29 09:15:30,,2,1,0,1,1,0,0
S-W-20251007174726502-0030,T20-000966910,S11-250800035^2,20030905,B50073,S1,10,2025-10-29 09:17:00,,2,1,0,1,1,0,0
S-W-20251007174726502-0032,T20-000966911,S11-250800035^2,20030906,B50073,S1,10,2025-10-29 09:19:49,,2,1,0,1,1,0,0
S-W-20251007174726502-0034,T20-000966913,S11-250800035^2,20030908,B50073,S1,10,2025-10-29 09:20:57,,2,1,0,1,1,0,0
S-W-20251007174727022-0021,T20-000966955,S11-250800035^3,20030589,B50073,S1,10,2025-10-29 09:22:02,,2,1,0,1,1,0,0
S-W-20251007174727022-0023,T20-000966958,S11-250800035^3,20030664,B50073,S1,10,2025-10-29 09:25:27,,2,1,0,1,1,0,0
S-W-20251007174727022-0025,T20-000966959,S11-250800035^3,20030666,B50073,S1,10,2025-10-29 09:28:34,,2,1,0,1,1,0,0
S-W-20251007174727022-0027,T20-000966960,S11-250800035^3,20030667,B50073,S1,10,2025-10-29 09:28:52,,2,1,0,1,1,0,0
S-W-20251007174727022-0029,T20-000966961,S11-250800035^3,20030670,B50073,S1,10,2025-10-29 09:28:56,,2,1,0,1,1,0,0
S-W-20251007174727022-0031,T20-000966962,S11-250800035^3,20030672,B50073,S1,10,2025-10-29 09:35:46,,2,1,0,1,1,0,0
S-W-20251007174727022-0037,T20-000966968,S11-250800035^3,20030883,B50073,S1,10,2025-10-29 09:38:36,,2,1,0,1,1,0,0
S-W-20251007174729032-0008,T20-000967106,S11-250800035^6,20030094,B50073,S1,10,2025-10-29 09:39:58,,2,1,0,1,1,0,0
S-W-20251007174729032-0010,T20-000967107,S11-250800035^6,20030234,B50073,S1,10,2025-10-29 09:41:14,,2,1,0,1,1,0,0
S-W-20251007174729032-0012,T20-000967108,S11-250800035^6,20030235,B50073,S1,10,2025-10-29 09:46:13,,2,1,0,1,1,0,0
S-W-20251007174729032-0014,T20-000967109,S11-250800035^6,20030236,B50073,S1,10,2025-10-29 09:47:03,,2,1,0,1,1,0,0
S-W-20251007174729032-0016,T20-000967110,S11-250800035^6,20030237,B50073,S1,10,2025-10-29 09:49:38,,2,1,0,1,1,0,0
S-W-20251007174729032-0018,T20-000967111,S11-250800035^6,20030238,B50073,S1,10,2025-10-29 10:04:55,,2,1,0,1,1,0,0
S-W-20251007174729032-0020,T20-000967112,S11-250800035^6,20030243,B50073,S1,10,2025-10-29 10:06:39,,2,1,0,1,1,0,0
S-W-20251007174729032-0022,T20-000967113,S11-250800035^6,20030244,B50073,S1,10,2025-10-29 10:07:33,,2,1,0,1,1,0,0
S-W-20251007174729032-0024,T20-000967114,S11-250800035^6,20030804,B50073,S1,10,2025-10-29 10:08:31,,2,1,0,1,1,0,0
S-W-20251007174729032-0026,T20-000967115,S11-250800035^6,20030805,B50073,S1,10,2025-10-29 10:15:07,,2,1,0,1,1,0,0
S-W-20251007174729032-0028,T20-000967116,S11-250800035^6,20030806,B50073,S1,10,2025-10-29 10:17:49,,2,1,0,1,1,0,0
S-W-20251007174729032-0030,T20-000967117,S11-250800035^6,20030809,B50073,S1,10,2025-10-29 10:19:04,,2,1,0,1,1,0,0
S-W-20251007174729032-0032,T20-000967119,S11-250800035^6,20030811,B50073,S1,10,2025-10-29 10:22:40,,2,1,0,1,1,0,0
S-W-20251007174729032-0034,T20-000967120,S11-250800035^6,20030813,B50073,S1,10,2025-10-29 10:24:25,,2,1,0,1,1,0,0
S-W-20251007174738644-0014,T20-000967858,S11-250800037^1,20030094,B50073,S1,10,2025-10-29 10:25:58,,2,1,0,1,1,0,0
S-W-20251007174738644-0018,T20-000967860,S11-250800037^1,20030234,B50073,S1,10,2025-10-29 10:31:37,,2,1,0,1,1,0,0
S-W-20251007174738644-0020,T20-000967861,S11-250800037^1,20030235,B50073,S1,10,2025-10-29 10:37:15,,2,1,0,1,1,0,0
S-W-20251007174738644-0022,T20-000967862,S11-250800037^1,20030236,B50073,S1,10,2025-10-29 10:37:33,,2,1,0,1,1,0,0
S-W-20251007174738644-0024,T20-000967863,S11-250800037^1,20030237,B50073,S1,10,2025-10-29 10:40:44,,2,1,0,1,1,0,0
S-W-20251007174738644-0026,T20-000967864,S11-250800037^1,20030238,B50073,S1,10,2025-10-29 10:47:38,,2,1,0,1,1,0,0
S-W-20251007174738644-0028,T20-000967865,S11-250800037^1,20030240,B50073,S1,10,2025-10-29 10:49:55,,2,1,0,1,1,0,0
S-W-20251007174738644-0030,T20-000967866,S11-250800037^1,20030241,B50073,S1,10,2025-10-29 10:50:13,,2,1,0,1,1,0,0
S-W-20251007174738644-0032,T20-000967867,S11-250800037^1,20030244,B50073,S1,10,2025-10-29 10:50:52,,2,1,0,1,1,0,0
S-W-20251007174738644-0034,T20-000967868,S11-250800037^1,20030245,B50073,S1,10,2025-10-29 10:59:02,,2,1,0,1,1,0,0
S-W-20251007174738644-0036,T20-000967871,S11-250800037^1,20030431,B50073,S1,10,2025-10-29 11:01:26,,2,1,0,1,1,0,0
S-W-20251007174738644-0038,T20-000967872,S11-250800037^1,20030432,B50073,S1,10,2025-10-29 11:05:16,,2,1,0,1,1,0,0
S-W-20251007174738644-0117,T20-000967884,S11-250800037^1,20420152,B50073,S1,10,2025-10-29 11:05:34,,2,1,0,1,1,0,0
S-W-20251007174739174-0008,T20-000967934,S11-250800037^2,20030094,B50073,S1,10,2025-10-29 11:14:02,,2,1,0,1,1,0,0
S-W-20251007174739174-0010,T20-000967935,S11-250800037^2,20030234,B50073,S1,10,2025-10-29 11:18:50,,2,1,0,1,1,0,0
S-W-20250930204805801-0120,T20-000966712,S11-250900014^1,20030734,B50073,S1,10,2025-10-29 11:20:00,,2,1,0,1,1,0,0
S-W-20251007174746304-0041,T20-000967709,S11-250900018^2,20020561,B50073,S1,10,2025-10-29 11:20:00,,2,1,0,1,1,0,0
S-W-20251007174739174-0012,T20-000967936,S11-250800037^2,20030235,B50073,S1,10,2025-10-29 11:23:24,,2,1,0,1,1,0,0
S-W-20251007174739174-0014,T20-000967937,S11-250800037^2,20030236,B50073,S1,10,2025-10-29 11:23:42,,2,1,0,1,1,0,0
S-W-20251007174739174-0016,T20-000967938,S11-250800037^2,20030237,B50073,S1,10,2025-10-29 11:23:49,,2,1,0,1,1,0,0
S-W-20251007174739174-0018,T20-000967939,S11-250800037^2,20030238,B50073,S1,10,2025-10-29 11:26:52,,2,1,0,1,1,0,0
S-W-20251007174739174-0020,T20-000967940,S11-250800037^2,20030243,B50073,S1,10,2025-10-29 11:31:44,,2,1,0,1,1,0,0
S-W-20251007174739174-0022,T20-000967941,S11-250800037^2,20030244,B50073,S1,10,2025-10-29 11:33:50,,2,1,0,1,1,0,0
S-W-20251007174739174-0024,T20-000967942,S11-250800037^2,20030804,B50073,S1,10,2025-10-29 11:35:09,,2,1,0,1,1,0,0
S-W-20251007174739174-0026,T20-000967943,S11-250800037^2,20030805,B50073,S1,10,2025-10-29 11:41:02,,2,1,0,1,1,0,0
S-W-20251007174739174-0028,T20-000967944,S11-250800037^2,20030806,B50073,S1,10,2025-10-29 11:41:24,,2,1,0,1,1,0,0
S-W-20251007174739174-0030,T20-000967945,S11-250800037^2,20030809,B50073,S1,10,2025-10-29 11:44:27,,2,1,0,1,1,0,0
S-W-20251007174739174-0032,T20-000967947,S11-250800037^2,20030811,B50073,S1,10,2025-10-29 11:50:06,,2,1,0,1,1,0,0
S-W-20251007174739174-0034,T20-000967948,S11-250800037^2,20030813,B50073,S1,10,2025-10-29 11:50:20,,2,1,0,1,1,0,0
S-W-20251007174739694-0054,T20-000968016,S11-250800037^3,20031072,B50073,S1,10,2025-10-29 12:58:45,,2,1,0,1,1,0,0
S-W-20251007174739694-0091,T20-000968013,S11-250800037^3,20030886,B50073,S1,10,2025-10-29 13:02:43,,2,1,0,1,1,0,0
S-W-20251007174739694-0093,T20-000968014,S11-250800037^3,20030887,B50073,S1,10,2025-10-29 13:03:37,,2,1,0,1,1,0,0
S-W-20251007174739694-0095,T20-000968015,S11-250800037^3,20030888,B50073,S1,10,2025-10-29 13:10:09,,2,1,0,1,1,0,0
S-W-20251007174739694-0097,T20-000968017,S11-250800037^3,20040181,B50073,S1,10,2025-10-29 13:14:28,,2,1,0,1,1,0,0
S-W-20251007174739694-0099,T20-000968019,S11-250800037^3,20040184,B50073,S1,10,2025-10-29 13:14:28,,2,1,0,1,1,0,0
S-W-20251007174741164-0064,T20-000968197,S11-250800037^6,20031065,B50073,S1,10,2025-10-29 13:18:22,,2,1,0,1,1,0,0
S-W-20251007174741164-0066,T20-000968198,S11-250800037^6,20031066,B50073,S1,10,2025-10-29 13:19:31,,2,1,0,1,1,0,0
S-W-20251007174741164-0068,T20-000968199,S11-250800037^6,20031067,B50073,S1,10,2025-10-29 13:20:25,,2,1,0,1,1,0,0
S-W-20251007174741634-0041,T20-000968256,S11-250800037^7,20020540,B50073,S1,10,2025-10-29 13:34:20,,2,1,0,1,1,0,0
S-W-20251007174747235-0061,T20-000967611,S11-250900016^1,20020562,B50073,S1,10,2025-10-29 13:45:26,,2,1,0,1,1,0,0
S-W-20251007175052009-0008,T20-000967565,S13-250900027^6,20020483,B50073,S1,10,2025-10-29 13:52:27,,2,1,0,1,1,0,0
S-W-20251014154500663-0084,T20-000969061,S11-251000017^1,20030810,B50073,S1,10,2025-10-29 13:56:36,,2,1,0,1,1,0,0
S-W-20251007174725392-0040,T20-000966873,S11-250800035^1,22420094,B50073,S1,10,2025-10-29 15:10:00,,2,1,0,1,1,0,0
S-W-20251007174727682-0003,T20-000967065,S11-250800035^4,22030450,B50073,S1,10,2025-10-29 16:29:43,,0,1,0,1,1,0,0
S-W-20251007174727682-0004,T20-000967049,S11-250800035^4,21030814,B50073,S1,10,2025-10-29 16:29:43,,2,1,0,1,1,0,0
S-W-20251007174727682-0005,T20-000967050,S11-250800035^4,21030815,B50073,S1,10,2025-10-29 16:29:43,,2,1,0,1,1,0,0
S-W-20250925110545258-0003,T20-000965581,S11-250800036^1,30529065,B50086,S1,10,2025-10-29 09:00:12,,0,1,0,1,1,0,0
S-W-20250925110800695-0002,T20-000965047,S13-250900019^2,30552199,B50086,S1,10,2025-10-29 10:08:07,,0,1,0,1,1,0,0
S-W-20250925110800695-0003,T20-000965048,S13-250900019^2,30552200,B50086,S1,10,2025-10-29 10:08:07,,0,1,0,1,1,0,0
S-W-20250925110800695-0004,T20-000965049,S13-250900019^2,30552201,B50086,S1,10,2025-10-29 10:08:07,,0,1,0,1,1,0,0
S-W-20250925110800695-0005,T20-000965050,S13-250900019^2,30552202,B50086,S1,10,2025-10-29 10:08:07,,0,1,0,1,1,0,0
S-W-20250930204802030-0048,T20-000966145,S11-250900023^1,31310036,B50086,S1,10,2025-10-29 10:30:00,,1,1,0,1,1,0,0
S-W-20250930204802030-0049,T20-000966144,S11-250900023^1,31310035,B50086,S1,10,2025-10-29 10:30:00,,1,1,0,1,1,0,0
S-W-20250930204802030-0050,T20-000966143,S11-250900023^1,31310034,B50086,S1,10,2025-10-29 10:30:00,,1,1,0,1,1,0,0
S-W-20251007174727022-0090,T20-000967017,S11-250800035^3,30541070,B50086,S1,10,2025-10-29 10:30:52,,0,1,0,1,1,0,0
S-W-20251007174727682-0078,T20-000967084,S11-250800035^4,30521040,B50086,S1,10,2025-10-29 11:06:55,,2,1,0,1,1,0,0
S-W-20251007174727682-0079,T20-000967085,S11-250800035^4,30521058,B50086,S1,10,2025-10-29 11:06:55,,2,1,0,1,1,0,0
S-W-20250930204858339-0001,T20-000965958,S13-250900014^18,30510899,B50086,S1,10,2025-10-29 11:20:00,,0,1,0,1,1,0,0
S-W-20251007174727682-0081,T20-000967086,S11-250800035^4,30521059,B50086,S1,10,2025-10-29 11:41:55,,1,1,0,1,1,0,0
S-W-20250923163748102-0002,T20-000965042,S13-250900019^3,30510747,B50086,S1,10,2025-10-29 11:43:45,,0,1,0,1,1,0,0
S-W-20250923163748102-0003,T20-000965043,S13-250900019^3,30510748,B50086,S1,10,2025-10-29 11:43:45,,0,1,0,1,1,0,0
S-W-20250923163748102-0004,T20-000965044,S13-250900019^3,30510749,B50086,S1,10,2025-10-29 11:43:45,,0,1,0,1,1,0,0
S-W-20250923163748102-0005,T20-000965045,S13-250900019^3,30510750,B50086,S1,10,2025-10-29 11:43:45,,0,1,0,1,1,0,0
S-W-20250930204812312-0020,T20-000966323,S11-250900001^1,21030544,B50104,S1,10,2025-10-29 08:20:00,,0,1,0,1,1,0,0
S-W-20251007174724042-0005,T20-000967363,S11-250900011^5,21030897,B50104,S1,10,2025-10-29 08:20:00,,0,1,0,1,1,0,0
S-W-20251007174724042-0007,T20-000967364,S11-250900011^5,21030899,B50104,S1,10,2025-10-29 08:20:00,,0,1,0,1,1,0,0
S-W-20251007174724042-0009,T20-000967365,S11-250900011^5,21030900,B50104,S1,10,2025-10-29 08:20:00,,0,1,0,1,1,0,0
S-W-20251007174724042-0012,T20-000967367,S11-250900011^5,21030903,B50104,S1,10,2025-10-29 08:20:00,,0,1,0,1,1,0,0
S-W-20251007174724042-0015,T20-000967369,S11-250900011^5,21030907,B50104,S1,10,2025-10-29 08:20:00,,0,1,0,1,1,0,0
S-W-20251007174724792-0013,T20-000967482,S11-250900011^7,21030879,B50104,S1,10,2025-10-29 08:20:00,,0,1,0,1,1,0,0
S-W-20251007174743354-0059,T20-000968395,S11-250900028^6,21030870,B50104,S1,10,2025-10-29 08:20:00,,0,1,0,1,1,0,0
S-W-20251007174739694-0013,T20-000968028,S11-250800037^3,21030879,B50104,S1,10,2025-10-29 13:56:39,,0,1,0,1,1,0,0
S-W-20251007174740614-0075,T20-000968158,S11-250800037^5,22410126,B50114,S1,10,2025-10-29 07:51:42,,0,1,0,1,1,0,0
S-W-20251007174741164-0097,T20-000968225,S11-250800037^6,22350166,B50114,S1,10,2025-10-29 07:56:35,,0,1,0,1,1,0,0
S-W-20250930204812312-0120,T20-000966354,S11-250900001^1,22420116,B50114,S1,10,2025-10-29 09:01:27,,0,1,0,1,1,0,0
S-W-20251007174722332-0050,T20-000967222,S11-250900011^1,22030309,B50114,S1,10,2025-10-29 10:09:24,,0,1,0,1,1,0,0
S-W-20251007174723582-0048,T20-000967308,S11-250900011^4,22030107,B50114,S1,10,2025-10-29 15:10:00,,0,1,0,1,1,0,0
S-W-20251007174740184-0066,T20-000968105,S11-250800037^4,22410126,B50114,S1,10,2025-10-29 15:30:58,,0,1,0,1,1,0,0
S-W-20251007174741634-0067,T20-000968287,S11-250800037^7,22410126,B50114,S1,10,2025-10-29 15:35:50,,0,1,0,1,1,0,0
S-W-20251007174727022-0062,T20-000966994,S11-250800035^3,22030355,B50114,S1,10,2025-10-29 15:40:03,,0,1,0,1,1,0,0
S-W-20251007174727682-0044,T20-000967060,S11-250800035^4,22030107,B50114,S1,10,2025-10-29 15:54:36,,0,1,0,1,1,0,0
S-W-20251007174727682-0048,T20-000967062,S11-250800035^4,22030422,B50114,S1,10,2025-10-29 15:54:36,,0,1,0,1,1,0,0
S-W-20250930204910349-0003,T20-000965971,S13-250900021^7,22100195,B50114,S1,10,2025-10-29 16:25:27,,0,1,0,1,1,0,0
S-W-20250930204910349-0005,T20-000965970,S13-250900021^7,22100181,B50114,S1,10,2025-10-29 16:25:27,,0,1,0,1,1,0,0
S-W-20251007174738644-0124,T20-000967903,S11-250800037^1,22100171,B50114,S1,10,2025-10-29 16:25:49,,0,1,0,1,1,0,0
S-W-20250923163601810-0004,T20-000965574,S11-250800036^1,30303340,B50117,S1,10,2025-10-29 08:20:00,,0,1,0,1,1,0,0
S-W-20250930204656841-0041,T20-000965651,S11-250800036^2,30304051,B50117,S1,10,2025-10-29 08:20:00,,0,1,0,1,1,0,0
S-W-20250930204659668-0041,T20-000965704,S11-250800036^3,30304053,B50117,S1,10,2025-10-29 08:32:14,,0,1,0,1,1,0,0
S-W-20250923163608000-0008,T20-000965845,S11-250800036^9,30303354,B50117,S1,10,2025-10-29 09:10:47,,0,1,0,1,1,0,0
S-W-20250923163609660-0010,T20-000965119,S11-250800033^1,30303161,B50117,S1,10,2025-10-29 09:20:58,,0,1,0,1,1,0,0
S-W-20250930204707728-0033,T20-000965258,S11-250800033^3,30304051,B50117,S1,10,2025-10-29 09:40:31,,0,1,0,1,1,0,0
S-W-20251007174724792-0009,T20-000967478,S11-250900011^7,21030685,B50118,S1,10,2025-10-29 08:20:00,,0,1,0,1,1,0,0
S-W-20251007174724792-0015,T20-000967483,S11-250900011^7,21030880,B50118,S1,10,2025-10-29 08:20:00,,0,1,0,1,1,0,0
S-W-20251007174743354-0064,T20-000968385,S11-250900028^6,21030583,B50118,S1,10,2025-10-29 08:20:00,,0,1,0,1,1,0,0
S-W-20251007174743354-0067,T20-000968382,S11-250900028^6,21030579,B50118,S1,10,2025-10-29 08:20:00,,0,1,0,1,1,0,0
S-W-20251007174746304-0005,T20-000967716,S11-250900018^2,21020487,B50118,S1,10,2025-10-29 13:42:03,,0,1,0,1,1,0,0
S-W-20251007174746304-0011,T20-000967717,S11-250900018^2,21020488,B50118,S1,10,2025-10-29 13:42:03,,0,1,0,1,1,0,0
S-W-20251007174746304-0017,T20-000967718,S11-250900018^2,21020489,B50118,S1,10,2025-10-29 13:42:03,,0,1,0,1,1,0,0
S-W-20251007174746304-0025,T20-000967719,S11-250900018^2,21020490,B50118,S1,10,2025-10-29 13:42:03,,0,1,0,1,1,0,0
S-W-20251007174739694-0009,T20-000968024,S11-250800037^3,21030685,B50118,S1,10,2025-10-29 13:56:39,,0,1,0,1,1,0,0
S-W-20251007174739694-0015,T20-000968029,S11-250800037^3,21030880,B50118,S1,10,2025-10-29 13:56:39,,0,1,0,1,1,0,0
S-W-20250930204908679-0003,T20-000966006,S13-250900019^16,22330151,B50120,S1,10,2025-10-29 15:10:00,,0,1,0,1,1,0,0
S-W-20250930204908679-0005,T20-000966005,S13-250900019^16,22330145,B50120,S1,10,2025-10-29 15:10:00,,0,1,0,1,1,0,0
S-W-20251007174724042-0041,T20-000967372,S11-250900011^5,22030458,B50120,S1,10,2025-10-29 15:17:30,,0,1,0,1,1,0,0
S-W-20251007174724432-0041,T20-000967427,S11-250900011^6,22030458,B50120,S1,10,2025-10-29 15:28:47,,0,1,0,1,1,0,0
S-W-20250925110540463-0008,T20-000964234,S11-250900021^2,22210330,B50128,S1,10,2025-10-29 08:20:09,,0,1,0,1,1,0,0
S-W-20250925110540463-0010,T20-000964233,S11-250900021^2,22210329,B50128,S1,10,2025-10-29 08:20:09,,0,1,0,1,1,0,0
S-W-20250930204754946-0051,T20-000964233,S11-250900021^2,22210329,B50128,S1,10,2025-10-29 08:20:09,,0,1,0,1,1,0,0
S-W-20250930204754946-0053,T20-000964234,S11-250900021^2,22210330,B50128,S1,10,2025-10-29 08:20:09,,0,1,0,1,1,0,0
S-W-20251007174727682-0046,T20-000967061,S11-250800035^4,22030114,B50128,S1,10,2025-10-29 15:54:36,,0,1,0,1,1,0,0
S-W-20250925110540463-0016,T10-000632653,S11-250900021^2,22210328,RA,F005,10,2025-10-29 07:50:00,,0,1,0,1,1,0,0
S-W-20250930204754946-0045,T10-000632653,S11-250900021^2,22210328,RA,F005,10,2025-10-29 07:50:00,,0,1,0,1,1,0,0
S-W-20250925110540463-0016-1,T10-000632653,S11-250900021^2,22210328,RA,F006,20,2025-10-29 07:50:00,,0,1,0,1,1,0,0
S-W-20250925110626752-0010-1,T10-000633449,S11-250800036^9,22030467,RA,F006,20,2025-10-29 07:50:00,,0,1,0,1,1,0,0
S-W-20250930204754946-0045-1,T10-000632653,S11-250900021^2,22210328,RA,F006,20,2025-10-29 07:50:00,,0,1,0,1,1,0,0
S-W-20250925110540463-0016-2,T10-000632653,S11-250900021^2,22210328,RA,F007,30,2025-10-29 07:50:00,,0,1,0,1,1,0,0
S-W-20250930204754946-0045-2,T10-000632653,S11-250900021^2,22210328,RA,F007,30,2025-10-29 07:50:00,,0,1,0,1,1,0,0
S-W-20250925110540463-0016-3,T10-000632653,S11-250900021^2,22210328,RA,F008,40,2025-10-29 07:50:00,,0,1,0,1,1,0,0
S-W-20250925110626752-0010-3,T10-000633449,S11-250800036^9,22030467,RA,F008,40,2025-10-29 07:50:00,,0,1,0,1,1,0,0
S-W-20250930204754946-0045-3,T10-000632653,S11-250900021^2,22210328,RA,F008,40,2025-10-29 07:50:00,,0,1,0,1,1,0,0
S-W-20250925110626752-0010-4,T10-000633449,S11-250800036^9,22030467,RA,F009,50,2025-10-29 07:50:00,,0,1,0,1,1,0,0
S-W-20250930204906099-0008-4,T10-000633067,S13-250900019^15,22210381,RA,F009,50,2025-10-29 07:50:00,,0,1,0,1,1,0,0
S-W-20250925110626752-0010-5,T10-000633449,S11-250800036^9,22030467,RA,F010,60,2025-10-29 07:50:00,,0,1,0,1,1,0,0
S-W-20250925110626752-0010-6,T10-000633449,S11-250800036^9,22030467,RA,F011,70,2025-10-29 07:50:00,,0,1,0,1,1,0,0
S-W-20250925110626752-0010-7,T10-000633449,S11-250800036^9,22030467,RA,F012,80,2025-10-29 07:50:00,,0,1,0,1,1,0,0
S-W-20250930204906099-0008-8,T10-000633067,S13-250900019^15,22210381,RA,F013,90,2025-10-29 07:50:00,,0,1,0,1,1,0,0
S-W-20250925110626752-0010-9,T10-000633449,S11-250800036^9,22030467,RA,F014,100,2025-10-29 07:50:00,,0,1,0,1,1,0,0
S-W-20250930204906099-0008-9,T10-000633067,S13-250900019^15,22210381,RA,F014,100,2025-10-29 07:50:00,,0,1,0,1,1,0,0
S-W-20250925110626752-0010-11,T10-000633449,S11-250800036^9,22030467,RA,F016,120,2025-10-29 07:50:00,,0,1,0,1,1,0,0
S-W-20250925110626752-0010,T10-000633449,S11-250800036^9,22030467,RA,G005,10,2025-10-29 07:50:00,,0,1,0,1,1,0,0
S-W-20250925110626752-0010-10,T10-000633449,S11-250800036^9,22030467,RB,G015,110,2025-10-29 07:50:00,,0,1,0,1,1,0,0
S-W-20250925110626752-0010-12,T10-000633449,S11-250800036^9,22030467,RB,G017,130,2025-10-29 07:50:00,,0,1,0,1,1,0,0
S-W-20250925110540463-0016-4,T10-000632653,S11-250900021^2,22210328,RB,G040,50,2025-10-29 07:50:00,,0,1,0,1,1,0,0
S-W-20250930204754946-0045-4,T10-000632653,S11-250900021^2,22210328,RB,G040,50,2025-10-29 07:50:00,,0,1,0,1,1,0,0
S-W-20250925110634393-0009,T10-000633185,S11-250800033^3,22030451,RB,G040,130,2025-10-29 07:50:00,,0,1,0,1,1,0,0
S-W-20250925110645602-0062,T10-000633278,S11-250800033^7,22030585,RB,G040,130,2025-10-29 08:15:19,,0,1,0,1,1,0,0
S-W-20250923163600260-0013,T10-000632651,S11-250900021^1,22020355,RB,G040,150,2025-10-29 07:50:00,,0,1,0,1,1,0,0
S-W-20250930204710528-0025,T10-000633280,S11-250800033^7,22030587,RC,G044,20,2025-10-29 08:44:53,,0,1,0,1,1,0,0
S-W-20250925110645602-0025,T10-000633280,S11-250800033^7,22030587,RC,G044,20,2025-10-29 09:41:36,,0,1,0,1,1,0,0
S-W-20250925110609659-0068,T10-000633382,S11-250800036^3,22030456,RC,G044,30,2025-10-29 09:07:57,,0,1,0,1,1,0,0
S-W-20250930204755796-0004,T10-000633824,S11-250800026^1,22030456,RC,G044,30,2025-10-29 09:34:47,,0,1,0,1,1,0,0
S-W-20250930204759500-0041,T10-000633900,S11-250800026^6,22330094,RC,G044,30,2025-10-29 10:43:09,,0,1,0,1,1,0,0
S-W-20251007174740184-0048,T10-000634798,S11-250800037^4,22210331,RC,G044,30,2025-10-29 11:48:00,,0,1,0,1,1,0,0
S-W-20251007174741634-0049,T10-000634876,S11-250800037^7,22210331,RC,G044,30,2025-10-29 11:48:43,,0,1,0,1,1,0,0
S-W-20250930204700608-0044-2,T10-000633422,S11-250800036^5,22210311,RC,G044,50,2025-10-29 07:59:09,,0,1,0,1,1,0,0
S-W-20250930204700608-0047-2,T10-000633423,S11-250800036^5,22210313,RC,G044,50,2025-10-29 08:03:44,,0,1,0,1,1,0,0
S-W-20250923163601170-0017-1,T10-000632653,S11-250900021^2,22210328,RC,G048,80,2025-10-29 07:50:00,,0,1,0,1,1,0,0
S-W-20250925110626752-0010-8,T10-000633449,S11-250800036^9,22030467,RC,G048,90,2025-10-29 07:50:00,,0,1,0,1,1,0,0
S-W-20250923163601170-0025,T10-000632652,S11-250900021^2,22210327,RC,G048,120,2025-10-29 09:22:47,,0,1,0,1,1,0,0
S-W-20250925110804135-0019-1,T10-000633067,S13-250900019^15,22210381,RC,G048,140,2025-10-29 09:45:21,,0,1,0,1,1,0,0
S-W-20250930204802631-0043-1,T10-000633647,S11-250900020^1,22210396,RC,G048,140,2025-10-29 10:43:40,,0,1,0,1,1,0,0
S-W-20250925110634393-0008-1,T10-000633185,S11-250800033^3,22030451,RC,G048,150,2025-10-29 09:20:40,,0,1,0,1,1,0,0
S-W-20250925110645602-0061-1,T10-000633278,S11-250800033^7,22030585,RC,G048,150,2025-10-29 09:41:54,,0,1,0,1,1,0,0
S-W-20250925110626752-0010-2,T10-000633449,S11-250800036^9,22030467,RC,G049,30,2025-10-29 07:50:00,,0,1,0,1,1,0,0
S-W-20250930204700608-0044,T10-000633422,S11-250800036^5,22210311,RC,G049,30,2025-10-29 07:59:09,,0,1,0,1,1,0,0
S-W-20250930204700608-0047,T10-000633423,S11-250800036^5,22210313,RC,G049,30,2025-10-29 08:03:44,,0,1,0,1,1,0,0
S-W-20250925110557864-0058,T10-000633353,S11-250800036^2,22030347,RC,G049,30,2025-10-29 08:36:09,,0,1,0,1,1,0,0
S-W-20250925110557864-0061,T10-000633354,S11-250800036^2,22030348,RC,G049,30,2025-10-29 08:38:13,,0,1,0,1,1,0,0
S-W-20250925110609659-0059,T10-000633384,S11-250800036^3,22030460,RC,G049,30,2025-10-29 09:00:06,,0,1,0,1,1,0,0
S-W-20250925110609659-0062,T10-000633383,S11-250800036^3,22030459,RC,G049,30,2025-10-29 09:04:01,,0,1,0,1,1,0,0
S-W-20250930204755796-0011,T10-000633825,S11-250800026^1,22030459,RC,G049,30,2025-10-29 09:36:27,,0,1,0,1,1,0,0
S-W-20250925110634393-0050,T10-000633183,S11-250800033^3,22030347,RC,G049,30,2025-10-29 09:37:26,,0,1,0,1,1,0,0
S-W-20250925110634393-0053,T10-000633184,S11-250800033^3,22030348,RC,G049,30,2025-10-29 09:39:31,,0,1,0,1,1,0,0
S-W-20250930204755796-0014,T10-000633826,S11-250800026^1,22030460,RC,G049,30,2025-10-29 09:43:12,,0,1,0,1,1,0,0
S-W-20250930204906099-0008-5,T10-000633067,S13-250900019^15,22210381,RC,G049,60,2025-10-29 07:50:00,,0,1,0,1,1,0,0
S-W-20250923163601170-0017-2,T10-000632653,S11-250900021^2,22210328,RC,G049,90,2025-10-29 07:50:00,,0,1,0,1,1,0,0
S-W-20250925110804135-0019-2,T10-000633067,S13-250900019^15,22210381,RC,G049,150,2025-10-29 09:45:21,,0,1,0,1,1,0,0
S-W-20250930204802631-0043-2,T10-000633647,S11-250900020^1,22210396,RC,G049,150,2025-10-29 10:43:40,,0,1,0,1,1,0,0
S-W-20250925110634393-0008-2,T10-000633185,S11-250800033^3,22030451,RC,G049,160,2025-10-29 09:20:40,,0,1,0,1,1,0,0
S-W-20250925110645602-0061-2,T10-000633278,S11-250800033^7,22030585,RC,G049,160,2025-10-29 09:41:54,,0,1,0,1,1,0,0
S-W-20250930204802631-0043-3,T10-000633647,S11-250900020^1,22210396,RC,G049,160,2025-10-29 10:43:40,,0,1,0,1,1,0,0
S-W-20250925110609659-0004-1,T10-000633381,S11-250800036^3,22030455,RC,G049,170,2025-10-29 08:40:18,,0,1,0,1,1,0,0
S-W-20250930204755796-0069-1,T10-000633823,S11-250800026^1,22030455,RC,G049,170,2025-10-29 09:49:56,,0,1,0,1,1,0,0
S-W-20250925110540463-0025,T10-000632652,S11-250900021^2,22210327,RC,G050,70,2025-10-29 07:50:00,,0,1,0,1,1,0,0
S-W-20250923163601170-0017-3,T10-000632653,S11-250900021^2,22210328,RC,G050,100,2025-10-29 07:50:00,,0,1,0,1,1,0,0
S-W-20250923163601170-0025-1,T10-000632652,S11-250900021^2,22210327,RC,G050,130,2025-10-29 09:22:47,,0,1,0,1,1,0,0
S-W-20250925110804135-0019,T10-000633067,S13-250900019^15,22210381,RC,G050,130,2025-10-29 09:45:21,,0,1,0,1,1,0,0
S-W-20250930204802631-0043,T10-000633647,S11-250900020^1,22210396,RC,G050,130,2025-10-29 10:43:40,,0,1,0,1,1,0,0
S-W-20250925110634393-0008,T10-000633185,S11-250800033^3,22030451,RC,G050,140,2025-10-29 09:20:40,,0,1,0,1,1,0,0
S-W-20250925110645602-0061,T10-000633278,S11-250800033^7,22030585,RC,G050,140,2025-10-29 09:41:54,,0,1,0,1,1,0,0
S-W-20250925110609659-0004,T10-000633381,S11-250800036^3,22030455,RC,G050,160,2025-10-29 08:40:18,,0,1,0,1,1,0,0
S-W-20250930204755796-0069,T10-000633823,S11-250800026^1,22030455,RC,G050,160,2025-10-29 09:49:56,,0,1,0,1,1,0,0
S-W-20250930204700608-0044-1,T10-000633422,S11-250800036^5,22210311,RC,G051,40,2025-10-29 07:59:09,,0,1,0,1,1,0,0
S-W-20250930204700608-0047-1,T10-000633423,S11-250800036^5,22210313,RC,G051,40,2025-10-29 08:03:44,,0,1,0,1,1,0,0
S-W-20250925110557864-0058-2,T10-000633353,S11-250800036^2,22030347,RC,G051,50,2025-10-29 08:36:09,,0,1,0,1,1,0,0
S-W-20250925110557864-0061-2,T10-000633354,S11-250800036^2,22030348,RC,G051,50,2025-10-29 08:38:13,,0,1,0,1,1,0,0
S-W-20250925110609659-0059-2,T10-000633384,S11-250800036^3,22030460,RC,G051,50,2025-10-29 09:00:06,,0,1,0,1,1,0,0
S-W-20250925110609659-0062-2,T10-000633383,S11-250800036^3,22030459,RC,G051,50,2025-10-29 09:04:01,,0,1,0,1,1,0,0
S-W-20250925110631455-0086-2,T10-000633114,S11-250800033^1,22030151,RC,G051,50,2025-10-29 09:08:47,,0,1,0,1,1,0,0
S-W-20250925110631455-0089-2,T10-000633113,S11-250800033^1,22030150,RC,G051,50,2025-10-29 09:11:42,,0,1,0,1,1,0,0
S-W-20250925110632736-0063-2,T10-000633147,S11-250800033^2,22030041,RC,G051,50,2025-10-29 09:14:37,,0,1,0,1,1,0,0
S-W-20250925110632736-0066-2,T10-000633148,S11-250800033^2,22030066,RC,G051,50,2025-10-29 09:17:39,,0,1,0,1,1,0,0
S-W-20250930204755796-0011-2,T10-000633825,S11-250800026^1,22030459,RC,G051,50,2025-10-29 09:36:27,,0,1,0,1,1,0,0
S-W-20250925110634393-0050-2,T10-000633183,S11-250800033^3,22030347,RC,G051,50,2025-10-29 09:37:26,,0,1,0,1,1,0,0
S-W-20250925110634393-0053-2,T10-000633184,S11-250800033^3,22030348,RC,G051,50,2025-10-29 09:39:31,,0,1,0,1,1,0,0
S-W-20250930204755796-0014-2,T10-000633826,S11-250800026^1,22030460,RC,G051,50,2025-10-29 09:43:12,,0,1,0,1,1,0,0
S-W-20250923163601170-0017,T10-000632653,S11-250900021^2,22210328,RC,G052,70,2025-10-29 07:50:00,,0,1,0,1,1,0,0
S-W-20250925110557864-0058-1,T10-000633353,S11-250800036^2,22030347,RC,G054,40,2025-10-29 08:36:09,,0,1,0,1,1,0,0
S-W-20250925110557864-0061-1,T10-000633354,S11-250800036^2,22030348,RC,G054,40,2025-10-29 08:38:13,,0,1,0,1,1,0,0
S-W-20250925110609659-0059-1,T10-000633384,S11-250800036^3,22030460,RC,G054,40,2025-10-29 09:00:06,,0,1,0,1,1,0,0
S-W-20250925110609659-0062-1,T10-000633383,S11-250800036^3,22030459,RC,G054,40,2025-10-29 09:04:01,,0,1,0,1,1,0,0
S-W-20250925110631455-0086-1,T10-000633114,S11-250800033^1,22030151,RC,G054,40,2025-10-29 09:08:47,,0,1,0,1,1,0,0
S-W-20250925110631455-0089-1,T10-000633113,S11-250800033^1,22030150,RC,G054,40,2025-10-29 09:11:42,,0,1,0,1,1,0,0
S-W-20250925110632736-0063-1,T10-000633147,S11-250800033^2,22030041,RC,G054,40,2025-10-29 09:14:37,,0,1,0,1,1,0,0
S-W-20250925110632736-0066-1,T10-000633148,S11-250800033^2,22030066,RC,G054,40,2025-10-29 09:17:39,,0,1,0,1,1,0,0
S-W-20250930204755796-0011-1,T10-000633825,S11-250800026^1,22030459,RC,G054,40,2025-10-29 09:36:27,,0,1,0,1,1,0,0
S-W-20250925110634393-0050-1,T10-000633183,S11-250800033^3,22030347,RC,G054,40,2025-10-29 09:37:26,,0,1,0,1,1,0,0
S-W-20250925110634393-0053-1,T10-000633184,S11-250800033^3,22030348,RC,G054,40,2025-10-29 09:39:31,,0,1,0,1,1,0,0
S-W-20250930204755796-0014-1,T10-000633826,S11-250800026^1,22030460,RC,G054,40,2025-10-29 09:43:12,,0,1,0,1,1,0,0
S-W-20250925110631455-0086,T10-000633114,S11-250800033^1,22030151,RC,G059,30,2025-10-29 09:08:47,,0,1,0,1,1,0,0
S-W-20250925110631455-0089,T10-000633113,S11-250800033^1,22030150,RC,G059,30,2025-10-29 09:11:42,,0,1,0,1,1,0,0
S-W-20250925110632736-0063,T10-000633147,S11-250800033^2,22030041,RC,G059,30,2025-10-29 09:14:37,,0,1,0,1,1,0,0
S-W-20250925110632736-0066,T10-000633148,S11-250800033^2,22030066,RC,G059,30,2025-10-29 09:17:39,,0,1,0,1,1,0,0
